countryCode,customerID,PaperlessDate,invoiceNumber,InvoiceDate,DueDate,InvoiceAmount,Disputed,SettledDate,PaperlessBill,DaysToSettle,DaysLate,IsLate,InvoiceMonth,CustomerInvoiceCount
CA,CUST0029,2024-01-29,481EDFDA,2024-12-05,2024-12-20,3807.95,1,2025-02-15,1,72,57,True,2024-12,8
UK,CUST0063,2023-11-07,10C2A77A,2024-11-19,2024-12-04,6026.72,0,2024-12-03,0,14,-1,False,2024-11,6
CA,CUST0027,2023-10-10,5142D85D,2025-03-09,2025-04-23,675.03,1,2025-06-19,1,102,57,True,2025-03,7
FR,CUST0023,2023-09-06,91155E22,2025-01-17,2025-03-03,7109.92,0,2025-03-11,1,53,8,True,2025-01,3
US,CUST0008,2023-06-27,FC8A80E8,2025-05-15,2025-05-30,8341.18,0,2025-05-31,0,16,1,True,2025-05,5
IN,CUST0130,2023-09-25,481F292B,2025-06-08,2025-07-23,1915.7,0,2025-07-18,1,40,-5,False,2025-06,5
FR,CUST0051,2023-11-30,2558DEF9,2024-09-18,2024-11-02,4376.26,0,2024-11-17,1,60,15,True,2024-09,6
CA,CUST0140,2023-11-21,4DEFF468,2024-12-04,2025-01-03,1480.99,0,2025-01-05,1,32,2,True,2024-12,7
DE,CUST0151,2024-03-10,93949AA3,2024-09-09,2024-10-09,4615.09,0,2024-10-29,0,50,20,True,2024-09,7
AU,CUST0002,2024-02-09,1479E44A,2025-05-12,2025-05-27,5190.92,0,2025-06-13,0,32,17,True,2025-05,7
DE,CUST0088,2024-03-22,94914D8A,2025-05-14,2025-06-13,6114.69,0,2025-06-12,0,29,-1,False,2025-05,8
IN,CUST0196,2023-08-30,9C1E844A,2025-02-23,2025-03-25,9493.97,1,2025-04-10,1,46,16,True,2025-02,10
US,CUST0098,2023-12-05,C94F29C3,2024-10-02,2024-10-17,3115.68,0,2024-10-23,1,21,6,True,2024-10,4
AU,CUST0089,2024-01-09,19B6325E,2024-12-30,2025-02-13,4457.51,0,2025-02-16,1,48,3,True,2024-12,9
AU,CUST0012,2024-04-19,90E9F246,2025-03-14,2025-04-28,440.45,1,2025-06-06,0,84,39,True,2025-03,6
FR,CUST0032,2023-07-19,AF66A121,2025-04-24,2025-05-24,6658.97,0,2025-05-21,1,27,-3,False,2025-04,6
FR,CUST0076,2024-02-14,3A92D54D,2025-03-20,2025-05-04,5512.43,0,2025-05-18,1,59,14,True,2025-03,7
AU,CUST0093,2024-05-02,F9916835,2025-01-03,2025-02-17,7773.81,1,2025-03-11,1,67,22,True,2025-01,10
CA,CUST0018,2023-10-01,87F1D4D3,2025-03-16,2025-03-31,6019.21,1,2025-05-22,0,67,52,True,2025-03,5
IN,CUST0198,2023-07-21,1D4D9F04,2024-10-10,2024-11-09,2040.23,0,2024-11-06,1,27,-3,False,2024-10,6
AU,CUST0060,2024-03-07,0A3CE52C,2025-02-10,2025-02-25,3947.91,0,2025-03-04,1,22,7,True,2025-02,5
UK,CUST0117,2024-03-28,9A5939B2,2024-10-05,2024-11-19,3631.86,0,2024-11-25,1,51,6,True,2024-10,6
IN,CUST0095,2024-04-28,D8A8AD44,2025-01-27,2025-02-26,1495.15,0,2025-02-27,0,31,1,True,2025-01,6
CA,CUST0069,2024-01-25,FA5D2239,2025-02-16,2025-04-02,9870.18,0,2025-04-18,0,61,16,True,2025-02,4
CA,CUST0019,2024-02-13,6FF382E5,2025-05-17,2025-07-01,154.67,0,2025-07-16,1,60,15,True,2025-05,6
IN,CUST0137,2024-02-08,39CE0926,2025-04-25,2025-06-09,7317.17,0,2025-06-11,0,47,2,True,2025-04,5
IN,CUST0119,2023-07-11,0B94D931,2025-06-01,2025-07-01,3648.81,0,2025-07-04,1,33,3,True,2025-06,6
CA,CUST0177,2023-10-20,6D30630A,2025-02-15,2025-04-01,6270.65,0,2025-04-03,0,47,2,True,2025-02,5
CA,CUST0084,2023-11-13,A1237407,2024-09-12,2024-09-27,3178.72,0,2024-09-29,1,17,2,True,2024-09,8
AU,CUST0009,2023-10-07,B7248EE5,2025-01-29,2025-02-28,6411.82,1,2025-04-04,1,65,35,True,2025-01,4
UK,CUST0017,2024-03-24,64C40DEC,2025-06-04,2025-06-19,1283.98,0,2025-07-02,1,28,13,True,2025-06,7
CA,CUST0081,2023-12-06,1F49826E,2025-04-03,2025-04-18,5656.64,0,2025-05-03,1,30,15,True,2025-04,5
DE,CUST0102,2023-12-12,55B20C74,2025-06-17,2025-08-01,5275.06,0,2025-08-10,0,54,9,True,2025-06,8
IN,CUST0068,2024-02-06,63DA0993,2025-01-01,2025-01-16,1168.13,0,2025-01-18,1,17,2,True,2025-01,5
CA,CUST0144,2024-05-03,439246A5,2025-05-16,2025-06-30,3212.12,0,2025-07-03,1,48,3,True,2025-05,6
CA,CUST0150,2024-04-19,5C49BFDF,2024-08-22,2024-09-21,2567.99,0,2024-10-04,1,43,13,True,2024-08,5
DE,CUST0093,2024-02-09,42716872,2024-11-27,2024-12-12,2365.1,0,2024-12-11,0,14,-1,False,2024-11,10
FR,CUST0127,2023-07-23,86E24A99,2024-09-06,2024-09-21,1696.09,1,2024-11-18,1,73,58,True,2024-09,5
US,CUST0029,2023-12-13,967AFBC3,2024-08-31,2024-09-15,6370.7,1,2024-11-04,1,65,50,True,2024-08,8
IN,CUST0175,2024-04-10,7A4396F5,2025-01-26,2025-02-25,1947.04,1,2025-04-14,1,78,48,True,2025-01,4
US,CUST0099,2023-08-20,D4C997A7,2025-03-08,2025-04-07,8093.66,1,2025-05-25,1,78,48,True,2025-03,9
DE,CUST0136,2024-01-29,F0565D73,2025-01-14,2025-02-13,1189.51,0,2025-02-25,1,42,12,True,2025-01,6
AU,CUST0003,2023-10-24,C0B53823,2024-10-08,2024-11-22,8198.35,1,2025-01-17,0,101,56,True,2024-10,1
US,CUST0175,2023-11-10,A103ABF0,2024-09-08,2024-10-23,5156.4,0,2024-11-11,0,64,19,True,2024-09,4
UK,CUST0197,2024-01-12,0E575B63,2025-02-19,2025-04-05,1286.67,0,2025-04-10,1,50,5,True,2025-02,4
US,CUST0076,2024-02-21,D3C20759,2025-04-22,2025-05-22,3299.71,0,2025-05-22,1,30,0,False,2025-04,7
DE,CUST0001,2023-10-11,D2905BFA,2024-08-22,2024-10-06,3699.93,1,2024-12-01,1,101,56,True,2024-08,3
UK,CUST0129,2024-01-05,C8C228D5,2024-09-01,2024-09-16,2592.64,0,2024-09-27,1,26,11,True,2024-09,3
US,CUST0161,2023-08-27,2698DEE2,2024-10-26,2024-11-25,2919.92,0,2024-12-10,1,45,15,True,2024-10,9
FR,CUST0156,2023-07-10,366979E5,2024-12-09,2024-12-24,5076.52,0,2024-12-23,0,14,-1,False,2024-12,6
UK,CUST0196,2023-07-19,F9458904,2024-08-23,2024-09-07,9091.83,0,2024-09-19,0,27,12,True,2024-08,10
AU,CUST0136,2024-02-21,BEAE551B,2024-11-13,2024-11-28,4945.58,1,2025-01-15,0,63,48,True,2024-11,6
UK,CUST0126,2023-12-27,ECC2D4E3,2025-01-08,2025-01-23,6754.14,0,2025-01-21,0,13,-2,False,2025-01,8
UK,CUST0079,2024-05-13,307B4FB5,2025-03-13,2025-03-28,7309.34,0,2025-03-24,1,11,-4,False,2025-03,9
IN,CUST0146,2023-08-03,813A2AB6,2024-09-17,2024-10-02,6371.94,0,2024-09-29,0,12,-3,False,2024-09,4
CA,CUST0125,2024-01-11,A8A9AC54,2025-04-04,2025-04-19,8369.49,0,2025-05-08,0,34,19,True,2025-04,3
FR,CUST0197,2024-05-30,E4D572EA,2024-09-25,2024-10-10,503.67,0,2024-10-09,1,14,-1,False,2024-09,4
CA,CUST0122,2024-06-08,B147FEB6,2024-12-26,2025-02-09,264.22,0,2025-02-09,0,45,0,False,2024-12,5
UK,CUST0136,2023-07-14,A9F039BD,2025-02-25,2025-04-11,6487.21,0,2025-04-19,1,53,8,True,2025-02,6
IN,CUST0139,2023-11-12,44396FE4,2024-10-12,2024-11-26,3928.68,1,2025-01-19,0,99,54,True,2024-10,4
IN,CUST0183,2024-01-16,2E6B327E,2024-10-17,2024-11-16,3476.56,0,2024-11-23,1,37,7,True,2024-10,6
CA,CUST0167,2024-05-01,ECE7A99D,2024-12-16,2025-01-15,8785.66,0,2025-01-24,1,39,9,True,2024-12,7
FR,CUST0116,2023-11-21,4231902F,2025-04-18,2025-05-03,8190.5,0,2025-05-05,1,17,2,True,2025-04,7
IN,CUST0017,2024-01-25,EFD1672C,2025-04-03,2025-05-03,2494.34,0,2025-04-28,1,25,-5,False,2025-04,7
FR,CUST0142,2024-02-08,0F88C09A,2025-01-04,2025-01-19,9014.14,0,2025-02-01,1,28,13,True,2025-01,9
IN,CUST0002,2024-05-15,BD62235F,2025-04-09,2025-04-24,3557.17,0,2025-05-11,1,32,17,True,2025-04,7
CA,CUST0016,2023-12-31,4DBED784,2024-11-30,2024-12-15,8882.16,0,2024-12-12,1,12,-3,False,2024-11,4
US,CUST0085,2023-09-10,142CFF50,2025-04-26,2025-05-11,932.99,0,2025-05-22,1,26,11,True,2025-04,7
IN,CUST0072,2024-01-25,1B890E30,2025-02-26,2025-04-12,6103.65,0,2025-04-22,0,55,10,True,2025-02,2
IN,CUST0139,2024-04-28,972CD791,2025-02-11,2025-02-26,6668.67,0,2025-03-16,0,33,18,True,2025-02,4
FR,CUST0148,2024-01-21,69F995BF,2025-03-30,2025-04-29,5532.46,0,2025-05-01,1,32,2,True,2025-03,3
AU,CUST0122,2023-06-27,8EB40CDA,2024-12-03,2025-01-02,2320.27,0,2025-01-03,0,31,1,True,2024-12,5
US,CUST0025,2023-10-29,FF57A2C9,2024-12-03,2025-01-17,3321.46,0,2025-01-25,1,53,8,True,2024-12,6
UK,CUST0109,2024-03-20,E60F236C,2025-04-16,2025-05-16,8507.31,0,2025-05-25,1,39,9,True,2025-04,2
AU,CUST0187,2023-07-15,B47D3478,2024-08-27,2024-09-11,1027.38,0,2024-09-27,0,31,16,True,2024-08,4
CA,CUST0166,2023-09-19,0EB5380C,2025-01-04,2025-01-19,2515.5,1,2025-02-01,1,28,13,True,2025-01,9
DE,CUST0187,2023-12-29,6CC42F81,2024-11-06,2024-12-06,8931.26,0,2024-12-26,1,50,20,True,2024-11,4
AU,CUST0028,2024-03-04,971638D0,2025-06-07,2025-06-22,5076.11,0,2025-06-23,1,16,1,True,2025-06,4
IN,CUST0138,2024-01-02,9091BB19,2024-09-22,2024-10-22,2032.91,0,2024-10-21,0,29,-1,False,2024-09,12
DE,CUST0047,2024-01-21,7C6C6B75,2025-05-31,2025-06-30,340.73,0,2025-07-09,0,39,9,True,2025-05,4
IN,CUST0020,2023-06-25,C85999E1,2025-04-15,2025-05-15,9410.54,1,2025-06-29,1,75,45,True,2025-04,2
US,CUST0013,2023-10-12,F8414011,2025-01-15,2025-03-01,3764.57,0,2025-03-13,1,57,12,True,2025-01,7
AU,CUST0004,2023-12-17,CA6E8E9D,2024-10-15,2024-10-30,4339.02,1,2024-12-27,1,73,58,True,2024-10,2
AU,CUST0061,2024-01-16,A6AE5013,2025-04-25,2025-05-10,8544.79,0,2025-05-18,1,23,8,True,2025-04,4
DE,CUST0124,2024-01-18,C6932B13,2025-02-05,2025-02-20,8526.25,0,2025-02-27,0,22,7,True,2025-02,3
US,CUST0043,2024-06-02,7F876E06,2024-09-20,2024-10-20,5612.33,1,2024-10-30,1,40,10,True,2024-09,6
DE,CUST0068,2023-10-28,58CDA6DB,2024-12-23,2025-01-22,5743.61,0,2025-01-26,1,34,4,True,2024-12,5
DE,CUST0179,2023-12-31,4AB76885,2025-05-01,2025-06-15,9901.53,0,2025-07-05,1,65,20,True,2025-05,3
FR,CUST0170,2024-01-28,0145E8BF,2024-09-26,2024-11-10,8785.99,0,2024-11-20,1,55,10,True,2024-09,8
IN,CUST0049,2023-08-20,17CEA143,2024-09-13,2024-10-13,7054.59,0,2024-10-14,0,31,1,True,2024-09,4
US,CUST0149,2024-01-21,640C3E94,2025-03-31,2025-05-15,8112.68,0,2025-05-27,1,57,12,True,2025-03,3
US,CUST0192,2023-12-24,FDA75129,2025-06-10,2025-07-10,9141.08,0,2025-07-06,1,26,-4,False,2025-06,6
US,CUST0150,2023-12-31,A69EC045,2025-05-03,2025-06-02,8003.12,0,2025-06-13,1,41,11,True,2025-05,5
AU,CUST0136,2023-08-12,313D0C7A,2025-04-01,2025-04-16,7978.35,1,2025-04-29,1,28,13,True,2025-04,6
FR,CUST0021,2023-09-09,E5E49206,2024-10-27,2024-11-11,3818.27,0,2024-11-08,1,12,-3,False,2024-10,5
FR,CUST0018,2023-10-22,C27F8DBB,2025-02-23,2025-04-09,455.83,0,2025-04-11,1,47,2,True,2025-02,5
DE,CUST0031,2023-11-12,EE820903,2025-06-12,2025-07-27,2936.76,0,2025-07-29,0,47,2,True,2025-06,6
FR,CUST0153,2023-08-27,F0879C00,2025-01-29,2025-02-13,469.75,0,2025-02-27,1,29,14,True,2025-01,5
US,CUST0108,2023-12-03,DC228C68,2025-05-31,2025-07-15,1357.9,0,2025-07-28,1,58,13,True,2025-05,5
FR,CUST0134,2024-02-28,71A2ED34,2025-05-30,2025-06-29,2236.63,0,2025-07-02,0,33,3,True,2025-05,5
IN,CUST0172,2023-07-29,E4D5F947,2025-01-24,2025-03-10,611.65,0,2025-03-15,1,50,5,True,2025-01,4
IN,CUST0068,2024-02-21,5BC90C95,2025-02-22,2025-03-24,6410.56,0,2025-03-23,1,29,-1,False,2025-02,5
CA,CUST0166,2024-05-13,A884172E,2025-02-06,2025-03-08,5211.37,0,2025-03-17,1,39,9,True,2025-02,9
UK,CUST0193,2024-02-20,5992B970,2025-04-13,2025-04-28,2781.24,0,2025-04-23,0,10,-5,False,2025-04,2
DE,CUST0160,2024-02-25,72A95176,2024-12-05,2025-01-19,350.97,1,2025-02-04,1,61,16,True,2024-12,3
US,CUST0138,2023-08-28,ED816980,2025-02-18,2025-03-05,6990.14,0,2025-03-16,0,26,11,True,2025-02,12
UK,CUST0034,2024-04-20,83AF37D2,2024-12-03,2025-01-02,1648.73,0,2024-12-30,1,27,-3,False,2024-12,4
IN,CUST0095,2024-05-10,0B1A52FF,2024-09-15,2024-10-15,7174.5,0,2024-10-15,0,30,0,False,2024-09,6
DE,CUST0140,2023-06-24,359E2B7D,2024-11-19,2025-01-03,9553.17,0,2025-01-07,1,49,4,True,2024-11,7
FR,CUST0168,2024-01-07,C34262B4,2024-11-20,2025-01-04,6156.04,0,2024-12-30,0,40,-5,False,2024-11,9
CA,CUST0142,2024-03-10,249F33FE,2025-01-16,2025-02-15,3624.13,0,2025-03-03,0,46,16,True,2025-01,9
US,CUST0035,2024-02-05,94670D39,2025-03-03,2025-04-02,1249.12,0,2025-03-31,0,28,-2,False,2025-03,5
US,CUST0191,2023-09-15,2BE6A21E,2025-04-20,2025-06-04,8569.06,0,2025-06-03,1,44,-1,False,2025-04,7
UK,CUST0073,2024-02-27,4295E94F,2025-01-23,2025-03-09,1068.56,0,2025-03-10,1,46,1,True,2025-01,6
CA,CUST0088,2023-06-26,35CFFC13,2024-12-03,2024-12-18,1814.7,0,2025-01-03,1,31,16,True,2024-12,8
CA,CUST0068,2023-10-09,CAEBEA8F,2024-09-09,2024-10-24,6196.92,0,2024-11-03,0,55,10,True,2024-09,5
UK,CUST0014,2024-01-10,7DDC0F5A,2025-05-03,2025-05-18,3808.66,0,2025-06-02,1,30,15,True,2025-05,4
DE,CUST0071,2023-08-10,6972CD29,2024-09-23,2024-10-08,8579.25,0,2024-10-03,0,10,-5,False,2024-09,3
UK,CUST0198,2024-04-16,EC978F0C,2025-04-06,2025-04-21,798.63,0,2025-05-06,0,30,15,True,2025-04,6
UK,CUST0042,2023-08-17,C14078F9,2025-03-30,2025-05-14,5899.18,1,2025-06-21,1,83,38,True,2025-03,4
FR,CUST0181,2024-05-07,9D9ACDB0,2025-03-24,2025-04-23,3942.88,0,2025-05-05,1,42,12,True,2025-03,5
US,CUST0029,2024-05-16,C82929A4,2025-04-12,2025-04-27,5501.61,1,2025-06-20,1,69,54,True,2025-04,8
IN,CUST0140,2023-08-23,4A0708ED,2024-10-25,2024-11-09,9615.79,1,2024-12-12,0,48,33,True,2024-10,7
FR,CUST0142,2023-10-28,3C38392D,2025-02-13,2025-02-28,786.68,0,2025-03-08,0,23,8,True,2025-02,9
IN,CUST0011,2024-04-30,BDFDD17D,2024-12-10,2025-01-09,1034.99,0,2025-01-15,0,36,6,True,2024-12,7
AU,CUST0011,2024-02-05,FEE7D847,2025-02-13,2025-03-15,3257.86,0,2025-03-16,0,31,1,True,2025-02,7
CA,CUST0064,2024-03-24,8ACCC7AF,2024-11-30,2025-01-14,8163.24,0,2025-01-12,0,43,-2,False,2024-11,7
UK,CUST0200,2024-05-24,56B4311F,2024-11-16,2024-12-31,6997.7,0,2025-01-08,1,53,8,True,2024-11,6
FR,CUST0192,2023-07-06,F674BCB9,2024-09-24,2024-10-09,7377.2,0,2024-10-11,0,17,2,True,2024-09,6
AU,CUST0042,2024-03-11,4E23D271,2025-06-11,2025-06-26,1856.65,0,2025-07-04,1,23,8,True,2025-06,4
US,CUST0046,2023-08-24,0A3ADF65,2025-01-22,2025-03-08,9906.0,0,2025-03-13,1,50,5,True,2025-01,4
AU,CUST0106,2023-09-26,4BBA7D2E,2024-11-25,2025-01-09,7786.49,0,2025-01-27,1,63,18,True,2024-11,7
AU,CUST0064,2024-02-12,D1044B5A,2024-09-04,2024-10-04,8598.29,0,2024-10-04,1,30,0,False,2024-09,7
AU,CUST0180,2023-10-18,8D4F57C1,2025-04-03,2025-04-18,7569.97,0,2025-04-25,1,22,7,True,2025-04,7
AU,CUST0010,2023-07-26,3B908E8E,2025-03-28,2025-04-27,5102.0,0,2025-04-29,1,32,2,True,2025-03,7
IN,CUST0118,2023-11-28,9313BBF4,2025-02-13,2025-03-15,8965.68,0,2025-03-19,0,34,4,True,2025-02,5
AU,CUST0059,2023-12-19,580A3565,2024-11-18,2024-12-03,9063.28,0,2024-11-28,1,10,-5,False,2024-11,3
CA,CUST0050,2024-02-03,F069ABC2,2024-10-27,2024-11-26,9505.61,1,2024-12-27,1,61,31,True,2024-10,7
UK,CUST0018,2024-05-25,D63E95C5,2025-01-03,2025-02-02,6355.19,0,2025-02-08,0,36,6,True,2025-01,5
CA,CUST0131,2023-11-04,C65B6785,2025-02-05,2025-03-07,3353.78,0,2025-03-23,1,46,16,True,2025-02,2
AU,CUST0138,2023-07-24,DE76331D,2025-05-28,2025-06-27,7936.63,0,2025-06-22,0,25,-5,False,2025-05,12
US,CUST0067,2023-10-01,2C160E3F,2024-10-10,2024-10-25,4994.76,0,2024-11-07,1,28,13,True,2024-10,4
UK,CUST0010,2023-08-31,480BAD56,2024-11-13,2024-11-28,4471.15,1,2025-01-15,1,63,48,True,2024-11,7
DE,CUST0089,2023-06-22,441AF7DB,2025-01-13,2025-02-27,1258.96,0,2025-03-19,1,65,20,True,2025-01,9
UK,CUST0112,2023-07-07,479143AB,2025-01-26,2025-03-12,6220.36,0,2025-03-23,0,56,11,True,2025-01,8
US,CUST0099,2023-09-23,6C8CF30C,2025-01-17,2025-03-03,7039.59,0,2025-03-04,1,46,1,True,2025-01,9
UK,CUST0012,2024-06-08,C03601A4,2024-12-12,2025-01-26,7091.8,0,2025-02-03,0,53,8,True,2024-12,6
US,CUST0134,2024-02-10,272D8F49,2024-12-10,2025-01-24,9867.73,0,2025-02-09,1,61,16,True,2024-12,5
CA,CUST0190,2023-12-23,F82685F0,2024-12-25,2025-02-08,8146.72,1,2025-04-01,1,97,52,True,2024-12,8
IN,CUST0094,2023-07-16,C95672EE,2025-01-03,2025-02-02,7558.44,0,2025-01-30,0,27,-3,False,2025-01,4
CA,CUST0085,2023-06-23,338D5A43,2025-03-06,2025-04-20,7793.75,0,2025-04-25,1,50,5,True,2025-03,7
CA,CUST0032,2024-05-05,2143D799,2024-10-15,2024-11-29,9072.91,0,2024-12-03,1,49,4,True,2024-10,6
FR,CUST0080,2024-01-18,EDE40606,2024-12-13,2025-01-27,212.4,0,2025-02-04,0,53,8,True,2024-12,2
UK,CUST0104,2024-05-08,AF046E0E,2024-12-16,2025-01-30,1276.3,0,2025-02-03,1,49,4,True,2024-12,7
FR,CUST0033,2024-05-21,88760015,2025-06-04,2025-06-19,7485.84,0,2025-06-27,1,23,8,True,2025-06,6
CA,CUST0098,2024-06-13,E9957309,2024-09-05,2024-10-20,3811.22,0,2024-11-07,1,63,18,True,2024-09,4
IN,CUST0158,2024-04-10,968DD479,2024-11-21,2025-01-05,2313.6,1,2025-02-03,0,74,29,True,2024-11,5
DE,CUST0141,2024-03-15,27709997,2024-12-08,2024-12-23,9701.8,0,2024-12-27,1,19,4,True,2024-12,2
UK,CUST0054,2023-07-26,FB9FD7DC,2024-09-30,2024-10-30,5324.24,1,2024-12-29,0,90,60,True,2024-09,3
FR,CUST0156,2023-09-20,129FFC95,2024-11-10,2024-12-25,5583.16,1,2025-01-24,1,75,30,True,2024-11,6
DE,CUST0114,2023-07-29,8DACE5DC,2025-06-13,2025-07-13,6331.05,0,2025-07-29,1,46,16,True,2025-06,7
IN,CUST0131,2024-05-19,C99FE594,2025-03-21,2025-04-20,6312.82,0,2025-05-10,1,50,20,True,2025-03,2
AU,CUST0189,2024-06-14,751675B4,2025-04-01,2025-04-16,549.92,0,2025-05-02,1,31,16,True,2025-04,5
US,CUST0073,2024-04-11,A0205A5C,2024-09-06,2024-10-21,8913.61,0,2024-11-06,1,61,16,True,2024-09,6
CA,CUST0159,2023-10-13,193AEDD9,2025-03-17,2025-04-16,2846.07,0,2025-04-13,1,27,-3,False,2025-03,4
AU,CUST0193,2024-03-18,4DC1740C,2025-04-25,2025-05-10,3598.19,0,2025-05-26,0,31,16,True,2025-04,2
UK,CUST0058,2023-09-29,F9BE531F,2025-02-08,2025-02-23,9746.51,1,2025-03-14,1,34,19,True,2025-02,8
US,CUST0012,2023-09-01,E1E8220E,2024-12-19,2025-01-03,5407.35,0,2025-01-13,1,25,10,True,2024-12,6
FR,CUST0197,2023-09-29,AA59D774,2025-05-22,2025-06-06,6878.84,0,2025-06-15,1,24,9,True,2025-05,4
DE,CUST0162,2024-05-13,7051A5C8,2025-06-01,2025-07-16,8243.12,1,2025-08-07,1,67,22,True,2025-06,3
CA,CUST0179,2023-11-25,1053EF60,2025-01-13,2025-02-12,6172.81,0,2025-02-22,1,40,10,True,2025-01,3
DE,CUST0063,2023-12-10,9F240E99,2025-04-06,2025-04-21,8674.03,0,2025-05-06,0,30,15,True,2025-04,6
CA,CUST0002,2024-03-10,1FB0C081,2024-09-15,2024-09-30,3826.99,0,2024-10-19,1,34,19,True,2024-09,7
DE,CUST0057,2023-12-26,F3DA6224,2024-12-15,2024-12-30,1589.13,0,2025-01-19,1,35,20,True,2024-12,5
CA,CUST0133,2023-12-12,3EF0BFE9,2024-11-09,2024-12-09,9702.15,0,2024-12-05,1,26,-4,False,2024-11,3
FR,CUST0064,2024-02-05,DD4B1E6C,2024-09-22,2024-10-07,4740.06,0,2024-10-16,0,24,9,True,2024-09,7
IN,CUST0119,2024-04-23,0717C7F7,2025-03-03,2025-04-17,658.12,1,2025-05-30,1,88,43,True,2025-03,6
FR,CUST0153,2023-12-14,93981116,2025-04-06,2025-05-06,9997.2,1,2025-07-03,1,88,58,True,2025-04,5
DE,CUST0157,2023-11-03,511583CA,2025-05-24,2025-07-08,7712.98,1,2025-08-19,1,87,42,True,2025-05,5
DE,CUST0141,2023-09-16,5BEC5FD0,2025-02-08,2025-03-10,2548.75,0,2025-03-10,0,30,0,False,2025-02,2
CA,CUST0122,2024-03-14,8FCCEF34,2025-05-22,2025-06-21,9545.11,0,2025-06-24,0,33,3,True,2025-05,5
AU,CUST0064,2023-11-19,D74BDE1E,2024-11-16,2024-12-31,6749.84,0,2025-01-03,1,48,3,True,2024-11,7
AU,CUST0200,2024-03-22,F451E186,2025-05-21,2025-07-05,1224.22,0,2025-07-15,1,55,10,True,2025-05,6
CA,CUST0062,2023-06-29,F191DC31,2025-01-17,2025-02-16,7745.95,0,2025-02-25,1,39,9,True,2025-01,8
US,CUST0183,2024-01-03,A8C91A27,2025-05-06,2025-06-05,5563.88,0,2025-06-07,1,32,2,True,2025-05,6
UK,CUST0086,2024-05-03,774EC955,2024-11-03,2024-12-03,4094.48,0,2024-12-15,0,42,12,True,2024-11,2
US,CUST0036,2023-07-28,9092C29E,2025-02-13,2025-02-28,7575.86,0,2025-03-02,1,17,2,True,2025-02,3
DE,CUST0178,2023-10-22,2213F2F9,2024-12-03,2024-12-18,2208.35,0,2025-01-04,0,32,17,True,2024-12,10
IN,CUST0017,2023-10-25,EE7C40FD,2024-11-08,2024-12-08,3570.82,0,2024-12-16,1,38,8,True,2024-11,7
UK,CUST0139,2023-09-15,4D010898,2025-03-27,2025-04-26,4431.0,1,2025-06-01,1,66,36,True,2025-03,4
US,CUST0053,2023-12-02,CEEAF6AE,2025-03-22,2025-04-21,5188.5,0,2025-04-28,1,37,7,True,2025-03,3
AU,CUST0150,2023-10-20,D54AE0D0,2025-02-25,2025-04-11,6258.66,1,2025-04-22,1,56,11,True,2025-02,5
AU,CUST0196,2023-09-09,2C013E23,2024-08-28,2024-10-12,1556.03,1,2024-11-15,1,79,34,True,2024-08,10
DE,CUST0002,2023-08-23,EA356523,2025-03-05,2025-04-04,2656.62,0,2025-04-08,1,34,4,True,2025-03,7
AU,CUST0100,2023-11-10,13528781,2025-02-14,2025-03-16,4976.92,0,2025-03-28,1,42,12,True,2025-02,7
CA,CUST0189,2023-09-18,3B3844DF,2025-02-03,2025-03-20,2477.44,0,2025-04-09,0,65,20,True,2025-02,5
FR,CUST0057,2024-01-29,99748544,2025-02-24,2025-03-26,1367.65,0,2025-03-28,0,32,2,True,2025-02,5
UK,CUST0112,2023-06-26,D6610851,2025-05-23,2025-06-22,6444.66,0,2025-06-17,1,25,-5,False,2025-05,8
DE,CUST0087,2024-04-29,0ADA3566,2025-03-23,2025-05-07,8978.21,0,2025-05-23,1,61,16,True,2025-03,6
AU,CUST0104,2024-02-19,693AE03F,2025-05-25,2025-07-09,1805.97,0,2025-07-09,0,45,0,False,2025-05,7
AU,CUST0120,2023-12-03,7B5DE48D,2025-01-19,2025-02-03,1772.46,0,2025-02-17,0,29,14,True,2025-01,3
FR,CUST0007,2023-07-01,6B24BDD9,2024-09-15,2024-10-15,978.16,0,2024-10-28,1,43,13,True,2024-09,3
FR,CUST0170,2024-03-26,CF91D1D3,2025-06-07,2025-06-22,2142.7,0,2025-06-19,1,12,-3,False,2025-06,8
CA,CUST0110,2023-07-20,5816E1B9,2024-09-07,2024-09-22,6934.91,0,2024-10-01,1,24,9,True,2024-09,3
IN,CUST0013,2024-04-16,A14452E8,2025-05-07,2025-06-06,6316.21,0,2025-06-13,1,37,7,True,2025-05,7
UK,CUST0055,2023-11-06,ED0205C7,2024-10-30,2024-11-29,9216.64,0,2024-12-04,0,35,5,True,2024-10,2
UK,CUST0195,2024-04-25,B2AA597D,2025-01-07,2025-02-06,8081.39,0,2025-02-09,0,33,3,True,2025-01,1
AU,CUST0108,2023-06-30,57F3135D,2025-04-30,2025-05-30,2172.56,0,2025-05-27,1,27,-3,False,2025-04,5
DE,CUST0005,2024-04-28,C612BC70,2025-01-21,2025-03-07,6220.72,0,2025-03-19,1,57,12,True,2025-01,7
US,CUST0090,2023-10-24,58636606,2024-10-17,2024-11-01,7499.96,0,2024-11-16,0,30,15,True,2024-10,4
US,CUST0200,2023-10-17,718E12F5,2024-11-06,2024-12-21,7162.16,1,2025-01-02,1,57,12,True,2024-11,6
AU,CUST0008,2023-09-28,ABA65EBF,2024-12-28,2025-01-12,5367.92,0,2025-01-13,1,16,1,True,2024-12,5
AU,CUST0006,2023-11-12,DE4572FD,2024-09-01,2024-10-16,5372.91,0,2024-10-15,0,44,-1,False,2024-09,2
IN,CUST0033,2023-08-04,7DC59EA2,2025-06-07,2025-07-07,3835.11,0,2025-07-23,1,46,16,True,2025-06,6
US,CUST0145,2024-05-21,53A23942,2024-10-06,2024-10-21,2193.34,0,2024-10-30,0,24,9,True,2024-10,7
CA,CUST0066,2023-11-21,178802EF,2025-04-04,2025-05-04,8916.22,0,2025-05-04,1,30,0,False,2025-04,2
FR,CUST0156,2023-09-07,A8981743,2025-01-23,2025-03-09,7912.8,0,2025-03-26,0,62,17,True,2025-01,6
US,CUST0200,2023-07-24,3A97B74D,2025-02-06,2025-02-21,5417.35,0,2025-02-25,1,19,4,True,2025-02,6
US,CUST0149,2024-03-01,5124006B,2024-10-02,2024-10-17,4373.43,0,2024-10-21,0,19,4,True,2024-10,3
FR,CUST0174,2024-01-13,87F02320,2025-03-22,2025-04-21,3694.51,0,2025-04-28,1,37,7,True,2025-03,4
CA,CUST0051,2023-11-21,C86F495A,2024-10-14,2024-10-29,3625.36,1,2024-12-15,1,62,47,True,2024-10,6
CA,CUST0161,2024-04-07,0313A182,2025-03-02,2025-03-17,2448.55,0,2025-03-15,0,13,-2,False,2025-03,9
CA,CUST0198,2023-07-07,A4F86A90,2024-11-17,2024-12-17,2534.98,0,2025-01-02,0,46,16,True,2024-11,6
FR,CUST0031,2023-07-19,95A4093F,2025-06-01,2025-07-16,2922.44,0,2025-08-05,1,65,20,True,2025-06,6
US,CUST0089,2024-04-05,46128FEF,2024-11-04,2024-12-19,894.31,0,2024-12-27,1,53,8,True,2024-11,9
CA,CUST0095,2024-06-11,56AD664D,2024-12-27,2025-01-11,9825.55,0,2025-01-22,1,26,11,True,2024-12,6
CA,CUST0088,2024-05-21,25965C0C,2024-09-15,2024-09-30,9697.76,1,2024-11-05,1,51,36,True,2024-09,8
AU,CUST0126,2024-05-29,E5CAC6F0,2024-10-03,2024-10-18,2653.24,0,2024-10-26,1,23,8,True,2024-10,8
UK,CUST0163,2023-12-10,E50B701A,2025-02-03,2025-03-05,9300.82,0,2025-03-22,1,47,17,True,2025-02,6
IN,CUST0112,2024-06-11,091BF6A5,2024-12-23,2025-01-07,2871.79,0,2025-01-25,0,33,18,True,2024-12,8
FR,CUST0167,2023-06-29,B71C787B,2024-09-17,2024-10-17,3304.42,0,2024-10-31,1,44,14,True,2024-09,7
AU,CUST0138,2023-12-13,F92BAD58,2025-04-10,2025-05-10,2499.86,0,2025-05-19,1,39,9,True,2025-04,12
DE,CUST0188,2023-12-24,8A072E0C,2025-01-04,2025-02-18,2957.44,0,2025-02-21,0,48,3,True,2025-01,3
UK,CUST0063,2024-02-16,0FE0C9C4,2024-10-09,2024-10-24,4863.29,0,2024-10-27,0,18,3,True,2024-10,6
DE,CUST0063,2024-06-09,2190574C,2025-06-08,2025-07-08,3432.38,0,2025-07-21,0,43,13,True,2025-06,6
FR,CUST0172,2023-08-19,04B767CE,2024-10-18,2024-11-17,9900.61,0,2024-11-22,1,35,5,True,2024-10,4
US,CUST0127,2024-04-17,FBD533EA,2025-04-11,2025-05-11,2620.94,0,2025-05-11,1,30,0,False,2025-04,5
DE,CUST0055,2023-12-19,692C6B5D,2025-01-22,2025-02-21,5996.82,0,2025-03-13,1,50,20,True,2025-01,2
UK,CUST0088,2023-07-06,48558E52,2024-12-30,2025-01-29,3553.8,1,2025-03-18,1,78,48,True,2024-12,8
CA,CUST0071,2024-01-29,60D358A7,2025-01-11,2025-02-25,9653.77,0,2025-02-20,1,40,-5,False,2025-01,3
FR,CUST0049,2024-04-21,97150620,2024-11-12,2024-11-27,9389.57,0,2024-11-29,0,17,2,True,2024-11,4
CA,CUST0105,2023-07-18,C8ADAD88,2025-04-11,2025-05-11,7437.09,0,2025-05-23,1,42,12,True,2025-04,5
AU,CUST0062,2024-03-15,1A91B869,2025-02-16,2025-04-02,1483.75,0,2025-04-12,0,55,10,True,2025-02,8
CA,CUST0183,2023-06-18,F6519F04,2025-03-11,2025-04-10,1720.19,0,2025-04-19,1,39,9,True,2025-03,6
AU,CUST0005,2024-01-05,25F90818,2024-09-08,2024-09-23,6685.45,0,2024-09-27,1,19,4,True,2024-09,7
IN,CUST0104,2024-03-21,BC0E72A4,2024-10-31,2024-12-15,8784.29,0,2024-12-17,1,47,2,True,2024-10,7
UK,CUST0170,2023-08-28,C72D992F,2025-01-02,2025-02-16,4447.44,0,2025-02-22,1,51,6,True,2025-01,8
DE,CUST0142,2023-12-25,564A2F2E,2025-06-14,2025-07-29,3083.64,0,2025-08-04,1,51,6,True,2025-06,9
DE,CUST0191,2023-07-30,23687FB1,2024-11-18,2025-01-02,2398.91,1,2025-02-02,1,76,31,True,2024-11,7
UK,CUST0180,2024-01-27,4E789482,2025-03-09,2025-04-08,5481.17,1,2025-05-05,1,57,27,True,2025-03,7
UK,CUST0065,2024-02-11,3A0D279C,2024-12-25,2025-01-09,1257.29,1,2025-01-26,1,32,17,True,2024-12,1
CA,CUST0050,2023-12-15,26342828,2025-01-29,2025-02-28,3415.57,0,2025-02-26,1,28,-2,False,2025-01,7
CA,CUST0138,2023-08-22,F7560C80,2025-06-12,2025-07-27,6238.72,0,2025-07-27,1,45,0,False,2025-06,12
IN,CUST0056,2023-09-22,5B721D68,2025-02-05,2025-03-22,7907.11,0,2025-04-01,1,55,10,True,2025-02,7
UK,CUST0186,2023-11-09,93A098CB,2024-09-19,2024-11-03,2560.04,0,2024-11-22,0,64,19,True,2024-09,5
FR,CUST0153,2023-08-04,C6108DEB,2024-11-19,2024-12-19,5741.91,0,2024-12-17,1,28,-2,False,2024-11,5
AU,CUST0050,2024-06-15,B58B8FAA,2024-11-02,2024-12-02,3486.61,0,2024-12-04,0,32,2,True,2024-11,7
UK,CUST0046,2024-03-12,EA1A8F28,2024-12-23,2025-01-22,8479.88,0,2025-01-17,1,25,-5,False,2024-12,4
CA,CUST0137,2023-08-09,541646A3,2025-06-07,2025-06-22,7993.22,0,2025-06-25,0,18,3,True,2025-06,5
US,CUST0014,2024-03-09,6806BB32,2025-01-27,2025-03-13,7250.3,0,2025-03-17,1,49,4,True,2025-01,4
CA,CUST0033,2023-06-21,FD6AAA40,2025-01-05,2025-02-19,6970.09,0,2025-03-10,0,64,19,True,2025-01,6
DE,CUST0027,2024-02-13,A418F04C,2025-05-03,2025-05-18,3522.39,0,2025-05-31,1,28,13,True,2025-05,7
UK,CUST0121,2023-08-27,A8E3B6FE,2025-04-07,2025-05-07,5875.58,0,2025-05-16,1,39,9,True,2025-04,4
UK,CUST0048,2023-11-24,541F5913,2024-11-27,2024-12-12,9478.11,0,2024-12-15,1,18,3,True,2024-11,4
AU,CUST0123,2023-08-20,84E246B4,2025-05-12,2025-05-27,5108.3,0,2025-05-24,0,12,-3,False,2025-05,4
DE,CUST0126,2023-07-30,5762D18B,2025-02-16,2025-03-03,8734.03,1,2025-04-18,1,61,46,True,2025-02,8
CA,CUST0176,2024-01-20,AB1465E7,2024-12-14,2024-12-29,6996.84,1,2025-01-17,1,34,19,True,2024-12,3
IN,CUST0145,2023-10-29,3C3B145A,2024-09-22,2024-10-22,1610.14,0,2024-10-19,1,27,-3,False,2024-09,7
IN,CUST0031,2024-02-14,C02656B8,2025-03-21,2025-05-05,4298.89,0,2025-05-24,1,64,19,True,2025-03,6
DE,CUST0156,2023-07-15,4987C234,2025-06-11,2025-07-26,9263.13,0,2025-08-15,0,65,20,True,2025-06,6
FR,CUST0058,2023-12-26,0CA20F1D,2025-04-24,2025-06-08,9849.93,0,2025-06-15,0,52,7,True,2025-04,8
DE,CUST0114,2024-04-16,4B9BDA49,2024-11-13,2024-12-13,9216.33,1,2025-01-29,1,77,47,True,2024-11,7
DE,CUST0079,2023-11-28,618FA43D,2024-08-28,2024-10-12,5953.63,0,2024-10-26,0,59,14,True,2024-08,9
US,CUST0157,2023-11-04,53665F62,2025-01-22,2025-03-08,3418.45,0,2025-03-06,0,43,-2,False,2025-01,5
AU,CUST0054,2024-06-02,C851EE0C,2025-01-01,2025-02-15,3401.64,0,2025-02-16,1,46,1,True,2025-01,3
UK,CUST0170,2023-09-10,087B5DD0,2025-01-11,2025-01-26,9206.57,0,2025-01-26,1,15,0,False,2025-01,8
IN,CUST0045,2023-10-25,892B0599,2025-01-06,2025-02-20,7401.26,0,2025-02-17,0,42,-3,False,2025-01,5
IN,CUST0001,2024-06-12,6D2A08A4,2024-11-02,2024-12-02,4579.15,0,2024-12-11,0,39,9,True,2024-11,3
CA,CUST0153,2023-11-07,B31E5BA7,2024-09-02,2024-10-02,5033.84,0,2024-10-06,1,34,4,True,2024-09,5
US,CUST0060,2024-02-21,F3BF0463,2025-01-14,2025-02-13,3687.7,0,2025-03-02,1,47,17,True,2025-01,5
UK,CUST0180,2023-08-04,96FC4DB2,2024-08-29,2024-09-28,229.64,0,2024-09-25,0,27,-3,False,2024-08,7
CA,CUST0060,2023-11-14,9C98A5A2,2024-10-25,2024-11-24,9614.6,0,2024-12-14,1,50,20,True,2024-10,5
AU,CUST0161,2024-02-15,8EAEAE0D,2024-11-13,2024-12-28,944.96,1,2025-02-18,1,97,52,True,2024-11,9
AU,CUST0051,2023-09-10,26A1E1AA,2024-09-11,2024-10-11,5994.31,0,2024-10-09,1,28,-2,False,2024-09,6
FR,CUST0058,2024-02-26,19293E11,2025-06-09,2025-07-24,2178.07,1,2025-08-12,0,64,19,True,2025-06,8
UK,CUST0037,2023-07-07,74B12F9F,2024-09-30,2024-10-15,1987.81,0,2024-10-11,1,11,-4,False,2024-09,5
IN,CUST0079,2024-02-14,F57527EF,2025-03-19,2025-05-03,5691.93,0,2025-05-21,1,63,18,True,2025-03,9
AU,CUST0146,2023-07-16,313B4C16,2024-10-14,2024-11-13,4587.56,0,2024-11-22,1,39,9,True,2024-10,4
US,CUST0120,2024-01-31,BBD3FED8,2025-03-08,2025-04-22,4067.55,0,2025-04-26,0,49,4,True,2025-03,3
CA,CUST0104,2024-01-05,4C60C57E,2024-11-22,2024-12-22,1901.09,1,2025-02-02,1,72,42,True,2024-11,7
FR,CUST0127,2024-04-01,54A36788,2025-02-08,2025-03-10,3795.76,0,2025-03-07,1,27,-3,False,2025-02,5
FR,CUST0011,2024-01-23,95F3E30D,2025-03-01,2025-03-31,4146.47,0,2025-04-18,0,48,18,True,2025-03,7
UK,CUST0155,2023-07-26,991EC4C1,2025-03-25,2025-04-24,7188.13,0,2025-04-19,0,25,-5,False,2025-03,8
US,CUST0059,2024-02-12,BA0C8F51,2025-02-11,2025-03-28,2297.52,0,2025-04-10,1,58,13,True,2025-02,3
FR,CUST0006,2024-02-29,F7ACEDA4,2025-04-28,2025-06-12,295.13,0,2025-06-15,1,48,3,True,2025-04,2
FR,CUST0011,2024-05-10,59D38D2E,2024-12-08,2024-12-23,1867.59,0,2025-01-02,0,25,10,True,2024-12,7
FR,CUST0167,2024-06-15,BD5FE12F,2024-08-25,2024-09-24,1084.47,0,2024-09-27,1,33,3,True,2024-08,7
IN,CUST0150,2024-01-28,3A5344ED,2025-02-05,2025-03-07,8571.4,0,2025-03-22,1,45,15,True,2025-02,5
AU,CUST0126,2023-09-24,6F8410E5,2024-12-07,2024-12-22,6714.04,0,2025-01-01,0,25,10,True,2024-12,8
UK,CUST0105,2024-05-04,DFE61343,2025-05-11,2025-06-10,8973.72,0,2025-06-15,0,35,5,True,2025-05,5
CA,CUST0027,2023-08-20,6F483391,2024-11-28,2024-12-13,2158.07,0,2024-12-18,0,20,5,True,2024-11,7
DE,CUST0178,2024-05-03,41B0754F,2024-11-25,2024-12-25,5872.11,0,2024-12-29,1,34,4,True,2024-11,10
CA,CUST0103,2024-04-23,A937CA7D,2024-12-03,2025-01-17,8192.69,0,2025-01-13,0,41,-4,False,2024-12,5
DE,CUST0023,2023-08-21,66AEB515,2025-05-09,2025-06-08,3858.95,0,2025-06-11,0,33,3,True,2025-05,3
UK,CUST0030,2023-07-21,4919F2BF,2025-01-23,2025-02-22,6279.07,0,2025-03-05,1,41,11,True,2025-01,5
AU,CUST0001,2024-01-13,8DF2F1F9,2024-08-30,2024-10-14,4417.65,0,2024-10-26,1,57,12,True,2024-08,3
DE,CUST0106,2023-08-23,BD632705,2025-05-01,2025-05-16,7659.7,0,2025-05-17,1,16,1,True,2025-05,7
FR,CUST0093,2024-01-09,1DDD1F49,2025-05-26,2025-07-10,4925.57,1,2025-09-06,1,103,58,True,2025-05,10
DE,CUST0161,2023-08-01,A61E2DC2,2025-06-08,2025-07-08,4309.61,0,2025-07-27,0,49,19,True,2025-06,9
US,CUST0053,2023-10-02,F039086E,2025-01-08,2025-02-07,5462.18,0,2025-02-19,0,42,12,True,2025-01,3
IN,CUST0074,2023-11-06,87E68EEA,2025-03-28,2025-04-27,1479.63,0,2025-05-14,1,47,17,True,2025-03,9
DE,CUST0032,2023-12-02,64ADF5E0,2024-10-20,2024-11-04,5304.33,0,2024-11-19,0,30,15,True,2024-10,6
FR,CUST0062,2024-01-09,43D8466E,2025-05-12,2025-06-26,282.07,1,2025-07-16,0,65,20,True,2025-05,8
UK,CUST0142,2023-11-15,7D0A4293,2025-04-24,2025-05-09,5807.51,0,2025-05-21,1,27,12,True,2025-04,9
DE,CUST0024,2024-02-05,03BFEC27,2024-10-13,2024-10-28,6549.06,0,2024-10-26,0,13,-2,False,2024-10,4
DE,CUST0031,2024-01-13,2B8E21F1,2024-09-10,2024-10-25,208.86,0,2024-10-24,1,44,-1,False,2024-09,6
DE,CUST0184,2024-02-16,66DB348E,2024-12-30,2025-01-29,8751.51,0,2025-02-09,1,41,11,True,2024-12,1
CA,CUST0070,2023-12-20,D2692EFB,2024-09-26,2024-10-26,6683.86,0,2024-11-05,1,40,10,True,2024-09,5
DE,CUST0063,2023-08-04,760B3C11,2025-06-05,2025-07-05,4245.83,0,2025-07-17,1,42,12,True,2025-06,6
IN,CUST0099,2023-07-02,F46E48AB,2025-05-14,2025-05-29,564.96,0,2025-06-12,1,29,14,True,2025-05,9
FR,CUST0192,2023-07-30,931A4846,2025-03-31,2025-04-15,919.71,0,2025-04-12,0,12,-3,False,2025-03,6
UK,CUST0198,2024-03-04,CE9E03D3,2025-04-23,2025-05-23,3954.03,0,2025-05-28,1,35,5,True,2025-04,6
AU,CUST0130,2024-04-13,5F8A720F,2024-09-08,2024-10-08,7218.55,0,2024-10-03,1,25,-5,False,2024-09,5
UK,CUST0186,2024-03-31,B67F7FE7,2024-08-30,2024-09-29,4812.9,0,2024-10-12,1,43,13,True,2024-08,5
FR,CUST0169,2024-05-13,82E22401,2025-05-15,2025-06-14,7352.46,0,2025-06-13,0,29,-1,False,2025-05,6
DE,CUST0138,2023-07-06,70A77B91,2024-11-22,2024-12-22,2696.41,0,2024-12-28,0,36,6,True,2024-11,12
UK,CUST0142,2023-12-12,D5429429,2024-11-28,2025-01-12,5014.03,0,2025-01-19,1,52,7,True,2024-11,9
DE,CUST0083,2023-12-31,3A09BB4C,2024-08-29,2024-09-13,7732.03,0,2024-09-30,0,32,17,True,2024-08,5
IN,CUST0147,2024-03-08,A75F66A1,2025-05-24,2025-06-23,7309.07,0,2025-06-25,1,32,2,True,2025-05,6
AU,CUST0199,2024-05-08,D8F5C2C2,2025-02-10,2025-03-12,4404.79,0,2025-03-08,1,26,-4,False,2025-02,6
UK,CUST0191,2023-08-13,F77108EB,2024-10-30,2024-11-29,8014.22,0,2024-12-16,0,47,17,True,2024-10,7
AU,CUST0098,2023-09-22,6F6F193E,2024-10-30,2024-11-29,5943.28,0,2024-12-15,0,46,16,True,2024-10,4
AU,CUST0167,2023-09-09,598473F3,2025-05-12,2025-05-27,9181.4,0,2025-06-06,1,25,10,True,2025-05,7
US,CUST0033,2023-08-28,5D0EE301,2024-08-29,2024-10-13,4515.46,0,2024-10-26,1,58,13,True,2024-08,6
UK,CUST0026,2024-02-22,C7FCE786,2025-05-09,2025-06-08,8742.16,0,2025-06-06,1,28,-2,False,2025-05,5
FR,CUST0117,2024-02-04,2F2EB642,2024-11-10,2024-11-25,6621.96,0,2024-12-13,1,33,18,True,2024-11,6
IN,CUST0105,2023-09-14,956859F1,2025-05-07,2025-06-21,2571.71,0,2025-06-20,0,44,-1,False,2025-05,5
US,CUST0121,2023-06-22,5DB7CE3C,2024-11-25,2024-12-25,9877.91,1,2025-01-25,0,61,31,True,2024-11,4
FR,CUST0178,2024-03-14,6D0481C1,2025-01-03,2025-02-02,7085.19,1,2025-03-25,0,81,51,True,2025-01,10
US,CUST0085,2023-09-26,E6772020,2024-10-08,2024-11-22,5722.66,1,2025-01-05,0,89,44,True,2024-10,7
DE,CUST0082,2023-11-27,66EA5D24,2025-03-30,2025-05-14,7004.46,0,2025-05-31,1,62,17,True,2025-03,7
AU,CUST0125,2024-01-12,D93B8B8F,2025-06-13,2025-07-28,9713.48,1,2025-08-09,1,57,12,True,2025-06,3
FR,CUST0018,2024-04-20,1C051260,2025-04-02,2025-04-17,8634.22,0,2025-05-02,1,30,15,True,2025-04,5
CA,CUST0074,2024-02-16,BCA6D151,2024-12-20,2025-01-04,8306.26,0,2025-01-22,1,33,18,True,2024-12,9
US,CUST0112,2023-10-21,8D8A92AE,2024-12-17,2025-01-01,2377.09,0,2025-01-20,0,34,19,True,2024-12,8
CA,CUST0181,2023-08-17,F1D4E7B4,2025-01-12,2025-01-27,6993.26,0,2025-02-05,1,24,9,True,2025-01,5
IN,CUST0178,2023-09-09,D6613281,2024-11-12,2024-12-12,747.03,0,2024-12-07,1,25,-5,False,2024-11,10
US,CUST0084,2023-11-06,2E7B9807,2025-05-15,2025-05-30,7928.16,0,2025-06-03,1,19,4,True,2025-05,8
UK,CUST0096,2024-06-08,8993805F,2024-12-03,2025-01-02,8871.18,0,2025-01-01,0,29,-1,False,2024-12,3
IN,CUST0136,2024-04-01,91C4ACF1,2025-05-02,2025-06-01,341.57,1,2025-07-17,0,76,46,True,2025-05,6
CA,CUST0047,2024-03-30,D98A5F0B,2025-05-12,2025-05-27,8759.55,0,2025-05-27,1,15,0,False,2025-05,4
US,CUST0157,2023-11-20,C1CC9915,2024-11-30,2024-12-30,8007.95,1,2025-02-17,1,79,49,True,2024-11,5
CA,CUST0062,2023-11-22,3B10DDC1,2025-02-11,2025-03-13,7695.16,0,2025-03-26,1,43,13,True,2025-02,8
IN,CUST0060,2023-08-05,2B82B7D6,2025-04-06,2025-05-06,6312.3,1,2025-06-25,1,80,50,True,2025-04,5
UK,CUST0118,2023-09-17,F444456E,2025-03-03,2025-04-02,7705.91,0,2025-04-18,1,46,16,True,2025-03,5
US,CUST0120,2023-08-28,9D259AD0,2025-05-01,2025-05-31,7402.06,0,2025-06-16,0,46,16,True,2025-05,3
FR,CUST0041,2023-11-29,9811E73B,2025-06-04,2025-06-19,3610.76,0,2025-06-28,0,24,9,True,2025-06,3
UK,CUST0151,2024-01-25,C961011B,2024-08-26,2024-09-25,2412.72,0,2024-10-10,0,45,15,True,2024-08,7
DE,CUST0177,2024-05-12,311B82F4,2024-10-11,2024-11-10,9878.45,0,2024-11-19,1,39,9,True,2024-10,5
AU,CUST0078,2023-10-24,E3B395B5,2025-05-19,2025-06-03,6828.51,0,2025-06-10,1,22,7,True,2025-05,4
AU,CUST0124,2024-03-18,5F0111EE,2025-02-17,2025-03-04,7884.82,0,2025-03-06,1,17,2,True,2025-02,3
DE,CUST0147,2024-03-14,AEA85B1B,2025-01-28,2025-02-27,8803.27,1,2025-04-14,1,76,46,True,2025-01,6
UK,CUST0180,2024-02-21,81B5CD57,2024-12-29,2025-01-28,6172.77,0,2025-01-23,1,25,-5,False,2024-12,7
AU,CUST0169,2024-02-02,8F6650BB,2024-09-14,2024-10-14,2393.55,1,2024-11-10,1,57,27,True,2024-09,6
US,CUST0145,2023-07-10,C8347411,2024-11-14,2024-12-29,6116.59,0,2025-01-17,0,64,19,True,2024-11,7
CA,CUST0013,2024-02-03,428B133F,2024-09-27,2024-11-11,1847.63,0,2024-11-29,0,63,18,True,2024-09,7
DE,CUST0074,2023-10-13,A909259C,2025-04-30,2025-05-15,7817.89,0,2025-05-29,0,29,14,True,2025-04,9
AU,CUST0091,2023-08-07,44F5ED8B,2025-01-18,2025-02-02,9694.12,1,2025-03-24,1,65,50,True,2025-01,4
IN,CUST0159,2024-05-04,CD88884F,2025-01-16,2025-02-15,9949.59,0,2025-03-03,1,46,16,True,2025-01,4
AU,CUST0185,2023-11-27,7DCDAC66,2025-03-03,2025-04-17,7606.56,0,2025-05-03,0,61,16,True,2025-03,7
AU,CUST0036,2023-09-25,55FAD54D,2025-04-24,2025-06-08,8176.75,0,2025-06-06,0,43,-2,False,2025-04,3
CA,CUST0166,2023-11-09,CD4BAB4E,2025-04-06,2025-04-21,5416.05,0,2025-04-25,1,19,4,True,2025-04,9
AU,CUST0113,2023-12-23,67FE82B5,2025-04-23,2025-05-08,1005.72,1,2025-06-24,0,62,47,True,2025-04,6
UK,CUST0188,2023-11-16,6C5241C5,2024-12-11,2024-12-26,1382.2,1,2025-01-10,1,30,15,True,2024-12,3
UK,CUST0084,2023-07-02,5A74D7B2,2025-05-02,2025-06-16,8635.06,0,2025-06-24,1,53,8,True,2025-05,8
IN,CUST0052,2023-12-12,5F8FA4DC,2025-06-02,2025-06-17,5553.49,0,2025-07-07,1,35,20,True,2025-06,7
FR,CUST0094,2023-09-09,C5A68EA1,2025-01-31,2025-03-17,3789.62,0,2025-03-28,1,56,11,True,2025-01,4
UK,CUST0043,2024-01-16,874C8DFC,2024-09-27,2024-10-27,5009.17,0,2024-11-06,0,40,10,True,2024-09,6
AU,CUST0076,2024-02-26,C61EDD53,2024-11-30,2025-01-14,6864.26,0,2025-01-19,1,50,5,True,2024-11,7
AU,CUST0030,2024-06-06,9B6F8F2A,2025-01-08,2025-02-07,5001.95,0,2025-02-04,1,27,-3,False,2025-01,5
IN,CUST0194,2023-11-08,F1FFDF5D,2025-03-19,2025-04-03,8264.34,0,2025-04-19,1,31,16,True,2025-03,4
CA,CUST0173,2024-01-26,49C45FB9,2025-06-17,2025-07-17,5700.75,0,2025-08-06,1,50,20,True,2025-06,6
FR,CUST0094,2024-01-22,802859B3,2025-03-18,2025-04-02,7994.52,0,2025-04-22,1,35,20,True,2025-03,4
DE,CUST0004,2024-01-16,F364B3E8,2025-05-17,2025-06-16,8686.21,0,2025-06-28,1,42,12,True,2025-05,2
US,CUST0117,2024-04-17,D11B2A7B,2025-05-27,2025-06-26,7004.97,0,2025-07-12,1,46,16,True,2025-05,6
CA,CUST0173,2023-10-01,84C3E395,2024-11-17,2024-12-17,7551.89,0,2024-12-30,1,43,13,True,2024-11,6
DE,CUST0164,2023-08-04,5FA27C42,2025-02-28,2025-03-30,8731.25,0,2025-03-28,1,28,-2,False,2025-02,9
CA,CUST0060,2024-01-06,E182DFF6,2025-02-15,2025-03-17,1375.81,0,2025-03-12,1,25,-5,False,2025-02,5
FR,CUST0144,2024-03-05,4F5E9FF8,2025-02-27,2025-03-29,1691.52,0,2025-04-12,1,44,14,True,2025-02,6
IN,CUST0166,2023-07-29,D68E7A01,2025-02-13,2025-02-28,5123.93,0,2025-03-15,0,30,15,True,2025-02,9
AU,CUST0119,2023-08-27,D2C9B51A,2025-01-14,2025-02-28,6207.58,1,2025-03-29,1,74,29,True,2025-01,6
CA,CUST0105,2023-07-13,3B5C2567,2025-04-29,2025-05-14,2672.06,0,2025-05-13,1,14,-1,False,2025-04,5
US,CUST0010,2023-07-03,9EFE898D,2024-10-02,2024-11-01,7820.47,0,2024-11-11,1,40,10,True,2024-10,7
US,CUST0025,2023-06-27,BB4F2961,2025-05-21,2025-06-05,5458.54,1,2025-07-19,1,59,44,True,2025-05,6
IN,CUST0100,2023-08-29,E0D395C4,2024-10-19,2024-11-18,6362.96,1,2024-12-21,0,63,33,True,2024-10,7
CA,CUST0191,2024-05-04,D58867A5,2025-06-07,2025-07-22,9378.56,0,2025-08-03,0,57,12,True,2025-06,7
DE,CUST0151,2023-08-11,B54AEE4B,2024-09-10,2024-10-25,3079.54,0,2024-11-12,0,63,18,True,2024-09,7
IN,CUST0107,2024-06-03,880C8D9C,2024-12-04,2025-01-18,5863.49,0,2025-01-16,1,43,-2,False,2024-12,4
AU,CUST0126,2023-12-10,DE49B242,2025-03-21,2025-05-05,552.85,1,2025-06-10,1,81,36,True,2025-03,8
UK,CUST0009,2023-12-23,ABA00CC6,2025-03-31,2025-05-15,9691.89,0,2025-05-21,0,51,6,True,2025-03,4
IN,CUST0114,2024-02-15,5E41B4C3,2025-03-25,2025-04-24,7606.81,0,2025-04-26,0,32,2,True,2025-03,7
AU,CUST0093,2024-05-07,FBD5CF35,2025-04-10,2025-04-25,3303.74,0,2025-05-11,1,31,16,True,2025-04,10
UK,CUST0140,2023-11-09,7307829F,2025-01-25,2025-03-11,6864.62,0,2025-03-17,0,51,6,True,2025-01,7
US,CUST0102,2023-11-28,D25AD445,2024-08-22,2024-09-21,9971.53,0,2024-09-22,1,31,1,True,2024-08,8
US,CUST0117,2023-11-09,A95F54A7,2025-04-29,2025-05-14,1719.88,0,2025-05-30,1,31,16,True,2025-04,6
IN,CUST0165,2024-02-11,FA62A85A,2025-01-29,2025-03-15,2285.62,0,2025-03-29,1,59,14,True,2025-01,4
US,CUST0013,2024-01-24,87DE556C,2024-09-29,2024-10-29,6579.66,0,2024-10-31,1,32,2,True,2024-09,7
IN,CUST0145,2023-11-13,7C2B5713,2024-11-06,2024-11-21,1595.47,0,2024-11-18,1,12,-3,False,2024-11,7
AU,CUST0196,2024-05-02,68E247D3,2024-10-07,2024-11-21,4255.3,0,2024-11-22,1,46,1,True,2024-10,10
FR,CUST0056,2024-01-11,61803F61,2024-09-16,2024-10-01,2814.73,1,2024-11-01,1,46,31,True,2024-09,7
AU,CUST0038,2023-06-19,95460E6E,2024-11-21,2025-01-05,8951.58,0,2024-12-31,0,40,-5,False,2024-11,5
UK,CUST0038,2024-02-04,B3DE441E,2025-04-11,2025-04-26,408.23,0,2025-05-08,1,27,12,True,2025-04,5
UK,CUST0045,2023-11-23,2EFDC70D,2024-11-30,2024-12-15,8657.15,0,2024-12-31,1,31,16,True,2024-11,5
AU,CUST0007,2024-05-29,60BBDC43,2025-01-01,2025-01-16,1936.7,1,2025-01-26,1,25,10,True,2025-01,3
UK,CUST0061,2024-03-10,6E66D7C7,2025-02-16,2025-04-02,7732.13,0,2025-04-07,1,50,5,True,2025-02,4
US,CUST0045,2023-11-17,FC2CD3AD,2025-03-09,2025-04-08,6299.58,0,2025-04-04,0,26,-4,False,2025-03,5
IN,CUST0190,2024-03-22,CCC6204A,2024-12-16,2025-01-15,9216.39,0,2025-01-26,1,41,11,True,2024-12,8
US,CUST0191,2023-07-17,C3551387,2025-05-30,2025-06-14,4867.07,0,2025-06-24,0,25,10,True,2025-05,7
DE,CUST0200,2024-01-09,42A68EA1,2025-05-14,2025-06-13,6887.1,0,2025-06-24,0,41,11,True,2025-05,6
FR,CUST0028,2024-02-28,85488CA6,2025-03-17,2025-04-16,4966.79,0,2025-04-27,1,41,11,True,2025-03,4
IN,CUST0158,2024-03-17,E89CAA26,2024-12-30,2025-01-14,2763.03,0,2025-02-01,1,33,18,True,2024-12,5
AU,CUST0169,2023-11-12,DDA1B740,2024-12-22,2025-02-05,4606.68,0,2025-02-09,0,49,4,True,2024-12,6
DE,CUST0165,2024-05-27,D2613086,2025-06-14,2025-06-29,3985.69,0,2025-06-25,1,11,-4,False,2025-06,4
DE,CUST0103,2023-11-01,93F08F1F,2024-11-07,2024-12-07,2987.46,0,2024-12-23,1,46,16,True,2024-11,5
US,CUST0126,2024-04-20,3FE795DD,2024-09-09,2024-10-24,7820.52,0,2024-11-02,1,54,9,True,2024-09,8
US,CUST0021,2024-01-07,E9711301,2025-04-22,2025-05-22,1138.81,0,2025-06-05,1,44,14,True,2025-04,5
IN,CUST0017,2023-11-01,7A25621F,2025-05-23,2025-06-07,1510.71,0,2025-06-10,1,18,3,True,2025-05,7
FR,CUST0163,2024-05-29,0D71AC1F,2024-10-17,2024-12-01,7054.4,0,2024-12-13,0,57,12,True,2024-10,6
CA,CUST0084,2024-03-07,270F3551,2024-11-29,2024-12-29,3331.97,0,2025-01-12,0,44,14,True,2024-11,8
FR,CUST0076,2023-09-30,957D5FD3,2024-10-23,2024-11-22,3571.21,0,2024-12-03,0,41,11,True,2024-10,7
FR,CUST0111,2023-12-09,40A125EC,2024-11-06,2024-11-21,4029.54,0,2024-12-11,1,35,20,True,2024-11,3
CA,CUST0030,2024-03-09,226D8165,2024-11-07,2024-12-22,6925.7,0,2025-01-06,0,60,15,True,2024-11,5
AU,CUST0142,2024-01-30,1312B6A8,2025-05-04,2025-06-18,1758.08,0,2025-06-19,1,46,1,True,2025-05,9
DE,CUST0116,2024-02-01,8A91A9C2,2025-01-12,2025-01-27,7094.11,0,2025-02-04,1,23,8,True,2025-01,7
UK,CUST0117,2024-05-07,0882C023,2025-02-07,2025-03-09,614.52,0,2025-03-17,1,38,8,True,2025-02,6
CA,CUST0025,2024-02-18,71A7494E,2025-03-25,2025-04-24,8722.59,0,2025-05-02,1,38,8,True,2025-03,6
UK,CUST0171,2023-07-25,F40EA514,2024-10-01,2024-10-31,3460.56,0,2024-11-06,0,36,6,True,2024-10,3
IN,CUST0176,2024-04-10,8490DFF3,2024-11-18,2024-12-18,8958.68,0,2024-12-15,1,27,-3,False,2024-11,3
US,CUST0022,2023-10-11,EDADA7FB,2024-09-27,2024-10-12,4577.95,0,2024-10-20,1,23,8,True,2024-09,3
US,CUST0191,2024-01-24,D0126F7D,2025-01-01,2025-02-15,7342.74,0,2025-02-21,0,51,6,True,2025-01,7
AU,CUST0034,2024-02-09,DB67AC77,2025-05-31,2025-07-15,2546.32,0,2025-07-11,1,41,-4,False,2025-05,4
FR,CUST0144,2023-12-20,2B06A6B7,2024-11-18,2025-01-02,2270.22,1,2025-02-02,1,76,31,True,2024-11,6
CA,CUST0032,2024-01-03,79DE7965,2024-11-22,2024-12-22,1902.97,0,2024-12-28,1,36,6,True,2024-11,6
AU,CUST0171,2024-05-19,4C74ED5D,2024-08-28,2024-09-27,5032.14,0,2024-10-15,1,48,18,True,2024-08,3
US,CUST0074,2023-10-19,F937D8A5,2025-05-30,2025-07-14,2361.7,1,2025-08-12,1,74,29,True,2025-05,9
UK,CUST0027,2023-10-25,07D79E37,2025-01-25,2025-03-11,6538.22,0,2025-03-22,1,56,11,True,2025-01,7
IN,CUST0040,2024-02-05,6041DF0C,2025-02-13,2025-03-30,814.76,0,2025-04-09,0,55,10,True,2025-02,4
IN,CUST0028,2023-07-29,B57AC635,2025-03-25,2025-04-24,4679.97,1,2025-06-08,1,75,45,True,2025-03,4
UK,CUST0030,2024-02-08,1BDEBB92,2025-03-11,2025-04-10,7452.79,0,2025-04-23,1,43,13,True,2025-03,5
IN,CUST0110,2024-05-29,8E440A3E,2025-05-19,2025-07-03,3773.28,1,2025-08-31,0,104,59,True,2025-05,3
AU,CUST0160,2024-03-25,66D3F161,2024-11-10,2024-12-25,8683.61,0,2025-01-10,1,61,16,True,2024-11,3
CA,CUST0143,2023-11-09,F464CEF8,2025-05-23,2025-06-07,7280.05,0,2025-06-21,1,29,14,True,2025-05,3
CA,CUST0178,2023-11-01,FA1466F7,2025-06-01,2025-07-01,9016.95,0,2025-06-26,0,25,-5,False,2025-06,10
IN,CUST0070,2024-02-01,42F1981D,2025-06-13,2025-07-28,5964.27,1,2025-09-24,0,103,58,True,2025-06,5
UK,CUST0087,2023-12-31,F83D0381,2025-03-14,2025-04-13,6267.37,0,2025-04-08,1,25,-5,False,2025-03,6
IN,CUST0037,2023-10-02,72513BC2,2024-09-14,2024-10-29,1402.52,0,2024-11-14,1,61,16,True,2024-09,5
DE,CUST0018,2024-01-18,B553219B,2024-10-02,2024-10-17,1878.86,0,2024-11-04,1,33,18,True,2024-10,5
CA,CUST0008,2024-06-10,D595A684,2025-02-06,2025-02-21,1891.67,1,2025-04-19,1,72,57,True,2025-02,5
FR,CUST0056,2024-01-25,0C16BCCB,2025-03-25,2025-04-24,2547.59,1,2025-05-30,1,66,36,True,2025-03,7
DE,CUST0088,2024-02-22,2C3BF30D,2025-03-10,2025-03-25,5196.69,0,2025-03-31,1,21,6,True,2025-03,8
UK,CUST0185,2024-01-15,2955055B,2024-10-10,2024-11-09,1718.89,0,2024-11-28,1,49,19,True,2024-10,7
FR,CUST0153,2023-12-20,5ABE7259,2025-01-27,2025-02-11,2655.52,0,2025-02-07,1,11,-4,False,2025-01,5
IN,CUST0041,2024-02-29,04AC4E9B,2024-10-15,2024-11-29,7757.38,0,2024-11-25,1,41,-4,False,2024-10,3
CA,CUST0021,2023-08-22,7E026DCD,2024-09-19,2024-10-19,4592.52,0,2024-10-28,0,39,9,True,2024-09,5
CA,CUST0109,2024-04-21,DFFEDC7A,2024-11-18,2024-12-18,1780.6,0,2025-01-01,1,44,14,True,2024-11,2
DE,CUST0107,2023-06-25,FABF36AD,2025-03-18,2025-04-17,8305.95,0,2025-04-18,0,31,1,True,2025-03,4
AU,CUST0132,2024-02-20,4D00A154,2024-10-15,2024-10-30,6209.74,0,2024-11-05,0,21,6,True,2024-10,2
DE,CUST0029,2023-12-31,B0F2D5C4,2025-03-27,2025-04-26,1759.43,0,2025-05-12,1,46,16,True,2025-03,8
CA,CUST0152,2023-07-24,EC92CF24,2024-08-25,2024-09-24,6671.66,0,2024-10-05,1,41,11,True,2024-08,3
CA,CUST0079,2024-04-02,76AC8C8C,2024-12-19,2025-01-03,8076.13,0,2025-01-05,1,17,2,True,2024-12,9
DE,CUST0154,2024-02-25,030DC7B2,2024-10-20,2024-11-04,2137.83,0,2024-10-30,0,10,-5,False,2024-10,2
IN,CUST0078,2024-02-26,AC7684FC,2025-01-29,2025-02-13,665.16,0,2025-03-04,1,34,19,True,2025-01,4
IN,CUST0196,2024-05-25,4373EE7B,2025-06-11,2025-07-11,489.5,0,2025-07-15,1,34,4,True,2025-06,10
UK,CUST0031,2024-02-05,E91839AE,2025-05-29,2025-06-13,9345.36,0,2025-06-23,1,25,10,True,2025-05,6
CA,CUST0111,2024-02-23,53751927,2024-12-11,2024-12-26,511.57,0,2024-12-25,1,14,-1,False,2024-12,3
DE,CUST0137,2023-12-27,75BEFAFE,2025-04-09,2025-05-24,9654.68,0,2025-05-26,1,47,2,True,2025-04,5
FR,CUST0144,2023-09-22,E61CD531,2025-04-10,2025-05-25,6427.29,1,2025-06-26,1,77,32,True,2025-04,6
US,CUST0102,2023-11-06,9C48787E,2025-01-25,2025-03-11,5204.4,0,2025-03-07,1,41,-4,False,2025-01,8
DE,CUST0005,2024-03-21,778BDB21,2025-01-14,2025-02-13,1482.55,0,2025-02-10,1,27,-3,False,2025-01,7
AU,CUST0081,2023-07-27,83D8973B,2024-10-06,2024-11-20,7076.34,0,2024-11-28,1,53,8,True,2024-10,5
FR,CUST0104,2023-12-27,BA6D7923,2025-06-16,2025-07-31,9702.13,0,2025-08-15,1,60,15,True,2025-06,7
DE,CUST0075,2023-09-29,2192BF68,2025-03-21,2025-04-05,4493.13,1,2025-05-10,0,50,35,True,2025-03,4
US,CUST0084,2023-12-16,5D7DB3A8,2024-08-22,2024-09-06,6957.0,0,2024-09-26,1,35,20,True,2024-08,8
FR,CUST0118,2024-02-01,9678F96C,2025-03-12,2025-04-26,6864.16,0,2025-05-02,1,51,6,True,2025-03,5
US,CUST0112,2024-02-13,8E65E693,2025-01-15,2025-01-30,8702.16,0,2025-02-01,0,17,2,True,2025-01,8
DE,CUST0151,2023-09-04,4AB4473F,2025-02-14,2025-03-16,9316.39,0,2025-03-27,1,41,11,True,2025-02,7
US,CUST0102,2023-09-13,5E2324C0,2024-09-02,2024-10-02,2235.18,0,2024-10-20,1,48,18,True,2024-09,8
UK,CUST0057,2023-11-17,388262D8,2025-04-30,2025-05-30,6547.21,0,2025-06-18,1,49,19,True,2025-04,5
IN,CUST0020,2023-10-01,3D818B57,2025-05-22,2025-07-06,9994.2,0,2025-07-21,1,60,15,True,2025-05,2
US,CUST0136,2023-12-01,0A43DEF4,2024-10-29,2024-12-13,4128.39,1,2025-01-04,1,67,22,True,2024-10,6
AU,CUST0090,2023-10-04,C72A21E4,2025-03-09,2025-04-08,5713.46,0,2025-04-26,1,48,18,True,2025-03,4
AU,CUST0166,2023-09-06,AE29BAF2,2025-01-10,2025-01-25,4100.99,0,2025-01-27,1,17,2,True,2025-01,9
US,CUST0038,2024-05-19,71491FA1,2025-01-18,2025-02-17,8097.67,0,2025-02-18,1,31,1,True,2025-01,5
IN,CUST0155,2023-09-04,9648E658,2025-03-23,2025-04-07,4412.27,0,2025-04-26,0,34,19,True,2025-03,8
AU,CUST0168,2024-05-16,068D3F6C,2025-04-13,2025-04-28,5490.44,0,2025-04-28,1,15,0,False,2025-04,9
AU,CUST0161,2024-03-22,6C46A812,2024-10-10,2024-11-09,3727.97,0,2024-11-18,1,39,9,True,2024-10,9
AU,CUST0145,2023-11-02,CB4A2A50,2024-10-14,2024-11-28,3946.73,0,2024-12-07,0,54,9,True,2024-10,7
CA,CUST0145,2024-02-18,7AD1E68D,2025-05-19,2025-07-03,3795.19,0,2025-07-18,0,60,15,True,2025-05,7
FR,CUST0083,2024-02-06,F7BF7F19,2025-04-27,2025-06-11,6074.14,0,2025-06-16,1,50,5,True,2025-04,5
IN,CUST0113,2023-10-11,515B92B0,2025-01-29,2025-02-13,4688.59,0,2025-02-23,1,25,10,True,2025-01,6
DE,CUST0162,2023-07-10,6FEB58EA,2025-01-22,2025-02-21,5238.91,0,2025-03-13,0,50,20,True,2025-01,3
UK,CUST0152,2023-08-15,1D4699E7,2025-02-28,2025-03-15,3478.35,0,2025-03-21,1,21,6,True,2025-02,3
FR,CUST0019,2023-09-13,2E16C3E1,2024-12-25,2025-01-24,5843.71,0,2025-02-02,1,39,9,True,2024-12,6
DE,CUST0010,2024-02-22,4D570718,2025-04-21,2025-05-06,7672.34,0,2025-05-12,1,21,6,True,2025-04,7
AU,CUST0074,2023-08-01,ACECA1EF,2025-01-14,2025-01-29,9559.68,0,2025-02-13,0,30,15,True,2025-01,9
AU,CUST0024,2024-01-10,EC56A43A,2025-03-23,2025-05-07,174.87,0,2025-05-21,1,59,14,True,2025-03,4
FR,CUST0099,2024-02-04,B30801AC,2025-04-30,2025-05-30,2510.47,1,2025-07-16,0,77,47,True,2025-04,9
FR,CUST0190,2023-09-25,2E3B2B8C,2024-11-29,2024-12-14,9350.92,0,2024-12-23,0,24,9,True,2024-11,8
AU,CUST0147,2023-09-13,F8083552,2025-05-25,2025-07-09,4910.13,0,2025-07-10,0,46,1,True,2025-05,6
UK,CUST0155,2023-07-16,EED7E3CC,2024-09-16,2024-10-16,3142.17,0,2024-10-27,1,41,11,True,2024-09,8
IN,CUST0016,2023-09-04,A4509891,2025-01-17,2025-02-16,3181.95,0,2025-02-14,1,28,-2,False,2025-01,4
AU,CUST0088,2023-08-31,9C99B201,2025-05-30,2025-07-14,2798.98,0,2025-07-11,0,42,-3,False,2025-05,8
FR,CUST0166,2024-02-22,848CBFAC,2024-12-26,2025-01-10,1893.38,0,2025-01-06,0,11,-4,False,2024-12,9
IN,CUST0182,2023-08-10,043FD51E,2024-09-23,2024-10-23,5299.12,0,2024-11-01,0,39,9,True,2024-09,3
FR,CUST0134,2023-10-19,6E9ED767,2024-10-22,2024-12-06,5716.39,0,2024-12-06,1,45,0,False,2024-10,5
UK,CUST0096,2023-08-14,5A483FFA,2025-04-24,2025-05-24,4887.1,0,2025-05-31,1,37,7,True,2025-04,3
DE,CUST0199,2023-08-02,57F65DD5,2025-05-01,2025-05-31,529.78,0,2025-06-16,1,46,16,True,2025-05,6
FR,CUST0014,2023-10-05,B1903742,2024-08-26,2024-10-10,6055.96,0,2024-10-25,1,60,15,True,2024-08,4
UK,CUST0017,2023-08-21,A6966B65,2025-06-09,2025-07-09,2357.99,0,2025-07-07,1,28,-2,False,2025-06,7
FR,CUST0174,2023-12-29,FB06252D,2025-02-22,2025-03-24,4169.18,0,2025-03-28,1,34,4,True,2025-02,4
UK,CUST0186,2024-01-12,ABC1E0CB,2025-01-02,2025-02-16,3598.87,0,2025-03-02,1,59,14,True,2025-01,5
AU,CUST0039,2024-05-18,2AC0238B,2025-04-29,2025-05-29,2820.58,0,2025-05-26,1,27,-3,False,2025-04,4
FR,CUST0170,2024-02-02,8C929940,2024-09-19,2024-10-04,6708.74,0,2024-10-10,1,21,6,True,2024-09,8
UK,CUST0168,2023-12-11,68B4B01C,2024-12-23,2025-02-06,4572.5,0,2025-02-22,0,61,16,True,2024-12,9
DE,CUST0034,2024-05-01,E514F7E4,2024-10-01,2024-11-15,7395.05,1,2025-01-09,0,100,55,True,2024-10,4
US,CUST0080,2023-07-09,D0A120D0,2025-06-13,2025-07-28,1047.57,0,2025-08-04,1,52,7,True,2025-06,2
CA,CUST0085,2023-12-13,F23500FA,2025-04-04,2025-04-19,6110.23,0,2025-05-05,0,31,16,True,2025-04,7
CA,CUST0190,2023-10-24,D8968DA9,2025-02-10,2025-03-27,3969.97,0,2025-04-07,1,56,11,True,2025-02,8
US,CUST0166,2023-10-23,8957499B,2024-10-02,2024-11-16,9879.08,0,2024-11-24,1,53,8,True,2024-10,9
FR,CUST0093,2024-05-24,0F3D56F0,2024-09-28,2024-10-13,4102.76,0,2024-10-19,1,21,6,True,2024-09,10
UK,CUST0047,2023-07-09,13B3CDC9,2024-09-16,2024-10-01,6955.12,1,2024-11-01,0,46,31,True,2024-09,4
AU,CUST0125,2024-05-13,CB41BCEA,2025-06-04,2025-06-19,1130.69,0,2025-06-21,1,17,2,True,2025-06,3
IN,CUST0040,2023-10-07,5644FFC6,2025-01-02,2025-01-17,2814.19,0,2025-01-21,0,19,4,True,2025-01,4
AU,CUST0026,2023-10-17,4CDDF167,2024-09-07,2024-10-22,8952.49,0,2024-11-10,1,64,19,True,2024-09,5
FR,CUST0190,2023-11-22,7DAE1905,2025-01-08,2025-02-22,2343.9,0,2025-02-18,0,41,-4,False,2025-01,8
CA,CUST0087,2023-08-03,930C850B,2025-03-14,2025-04-28,5238.69,0,2025-04-27,1,44,-1,False,2025-03,6
FR,CUST0097,2023-06-18,CD900348,2025-01-30,2025-02-14,2413.75,0,2025-02-14,1,15,0,False,2025-01,5
IN,CUST0178,2024-02-21,E76D3B61,2024-09-15,2024-10-30,6543.69,0,2024-11-19,1,65,20,True,2024-09,10
IN,CUST0185,2023-10-07,93EC2257,2024-09-19,2024-10-19,3396.72,0,2024-10-15,1,26,-4,False,2024-09,7
DE,CUST0094,2023-12-22,154AEBE5,2024-11-16,2024-12-31,6652.21,0,2025-01-18,1,63,18,True,2024-11,4
IN,CUST0114,2023-08-30,84351B3B,2025-06-14,2025-07-29,4705.54,0,2025-08-02,1,49,4,True,2025-06,7
AU,CUST0192,2023-06-20,85DFCBFE,2024-12-27,2025-01-26,9580.49,0,2025-01-28,1,32,2,True,2024-12,6
FR,CUST0062,2023-12-19,C25DECF5,2024-12-25,2025-01-24,2089.24,0,2025-02-13,0,50,20,True,2024-12,8
AU,CUST0121,2023-12-22,175897C5,2025-01-17,2025-02-01,4558.67,0,2025-02-07,1,21,6,True,2025-01,4
CA,CUST0147,2023-09-25,6A6CB2C8,2025-05-04,2025-06-03,6682.63,0,2025-06-12,1,39,9,True,2025-05,6
AU,CUST0073,2023-10-04,8DE5E3DB,2025-06-12,2025-07-12,2422.96,0,2025-07-23,0,41,11,True,2025-06,6
FR,CUST0108,2024-03-30,61D32D76,2024-12-21,2025-01-05,9925.59,1,2025-01-27,1,37,22,True,2024-12,5
AU,CUST0155,2024-01-19,27F79B31,2025-05-29,2025-06-13,8436.13,0,2025-06-16,1,18,3,True,2025-05,8
US,CUST0165,2024-05-30,03D539C8,2025-04-21,2025-05-21,982.33,0,2025-05-27,0,36,6,True,2025-04,4
FR,CUST0027,2023-09-18,258FF304,2025-05-01,2025-06-15,8278.07,0,2025-06-26,1,56,11,True,2025-05,7
AU,CUST0032,2024-06-05,C02C9A78,2025-06-05,2025-07-05,457.99,0,2025-07-02,0,27,-3,False,2025-06,6
AU,CUST0042,2024-04-03,08757211,2025-06-07,2025-07-07,3665.35,0,2025-07-16,1,39,9,True,2025-06,4
FR,CUST0038,2024-05-31,5F8B313F,2024-11-28,2024-12-28,5582.64,0,2024-12-25,1,27,-3,False,2024-11,5
IN,CUST0116,2023-11-09,25A28AAC,2024-11-08,2024-12-08,4527.31,0,2024-12-03,1,25,-5,False,2024-11,7
DE,CUST0014,2023-11-25,444E288D,2024-12-25,2025-01-24,9201.98,0,2025-02-04,1,41,11,True,2024-12,4
UK,CUST0061,2023-09-07,4EB25A0D,2024-11-03,2024-12-03,8529.11,0,2024-11-30,1,27,-3,False,2024-11,4
UK,CUST0058,2024-05-13,8F365E7F,2024-12-01,2024-12-16,1252.03,0,2024-12-21,1,20,5,True,2024-12,8
US,CUST0183,2024-06-14,4D647137,2024-11-13,2024-12-28,8791.95,1,2025-01-28,1,76,31,True,2024-11,6
AU,CUST0038,2023-07-29,E073752B,2024-09-17,2024-10-02,7921.3,0,2024-09-28,0,11,-4,False,2024-09,5
UK,CUST0121,2024-05-12,A9CD8482,2024-12-14,2025-01-28,4089.5,0,2025-01-27,1,44,-1,False,2024-12,4
AU,CUST0181,2024-01-01,468C1F22,2024-11-05,2024-12-05,3526.39,1,2025-01-12,1,68,38,True,2024-11,5
FR,CUST0002,2024-03-02,3767BCA4,2024-12-19,2025-01-03,8242.56,0,2024-12-29,1,10,-5,False,2024-12,7
UK,CUST0056,2024-01-30,93583358,2024-09-11,2024-09-26,9235.3,0,2024-10-08,1,27,12,True,2024-09,7
CA,CUST0156,2024-01-07,07B9407F,2024-11-06,2024-12-21,7671.62,0,2024-12-29,1,53,8,True,2024-11,6
US,CUST0199,2023-08-26,301885F3,2024-10-06,2024-11-05,4046.76,0,2024-11-07,1,32,2,True,2024-10,6
UK,CUST0032,2024-05-26,DEC5EB49,2025-04-23,2025-05-08,774.91,0,2025-05-10,0,17,2,True,2025-04,6
DE,CUST0164,2023-11-10,F3CD7272,2025-03-27,2025-05-11,9634.84,0,2025-05-20,1,54,9,True,2025-03,9
US,CUST0029,2024-01-14,8B250287,2024-09-27,2024-10-27,4381.73,0,2024-11-10,1,44,14,True,2024-09,8
FR,CUST0005,2023-12-26,CFE634CD,2025-02-27,2025-04-13,4451.17,0,2025-04-24,1,56,11,True,2025-02,7
FR,CUST0062,2023-07-15,F527278D,2025-04-07,2025-05-22,2238.78,0,2025-05-21,1,44,-1,False,2025-04,8
UK,CUST0110,2023-08-21,4EE5EAE7,2025-05-12,2025-05-27,1605.05,0,2025-06-10,1,29,14,True,2025-05,3
UK,CUST0062,2023-08-15,D94D2963,2025-03-31,2025-05-15,4652.02,0,2025-05-23,1,53,8,True,2025-03,8
IN,CUST0171,2024-04-17,A432DA88,2025-03-26,2025-05-10,672.03,0,2025-05-07,1,42,-3,False,2025-03,3
FR,CUST0093,2023-09-22,BAF15B07,2025-02-16,2025-03-03,2467.88,0,2025-03-14,0,26,11,True,2025-02,10
FR,CUST0130,2024-04-01,ED545786,2024-11-15,2024-12-30,3102.42,0,2025-01-11,1,57,12,True,2024-11,5
US,CUST0100,2024-05-22,65CEDD00,2024-08-26,2024-09-25,716.69,0,2024-09-21,1,26,-4,False,2024-08,7
CA,CUST0100,2023-07-02,2B7C69AC,2024-09-17,2024-10-17,8158.31,0,2024-10-20,1,33,3,True,2024-09,7
CA,CUST0005,2023-12-26,8E301148,2025-02-11,2025-03-13,6276.57,0,2025-04-02,1,50,20,True,2025-02,7
US,CUST0089,2023-06-22,8EA70D59,2025-01-11,2025-01-26,1394.03,1,2025-03-23,1,71,56,True,2025-01,9
CA,CUST0161,2024-03-23,06C2E8BA,2025-05-26,2025-06-10,2026.76,0,2025-06-29,1,34,19,True,2025-05,9
FR,CUST0189,2024-02-17,F4A73FAB,2025-01-08,2025-02-07,8292.63,0,2025-02-06,1,29,-1,False,2025-01,5
US,CUST0091,2023-06-27,3A139676,2025-02-11,2025-03-28,209.21,0,2025-04-02,1,50,5,True,2025-02,4
AU,CUST0165,2023-06-23,9CB16D77,2025-05-10,2025-05-25,290.0,0,2025-06-13,1,34,19,True,2025-05,4
CA,CUST0119,2023-10-27,B566D8A5,2025-03-28,2025-05-12,1457.39,0,2025-05-22,0,55,10,True,2025-03,6
CA,CUST0047,2024-05-20,D7DA37F2,2025-03-28,2025-04-12,220.0,0,2025-04-09,1,12,-3,False,2025-03,4
CA,CUST0199,2023-06-30,01DFC49B,2025-05-04,2025-06-03,8035.22,1,2025-06-15,1,42,12,True,2025-05,6
UK,CUST0052,2024-03-17,B6C752C3,2024-09-23,2024-10-08,1186.39,0,2024-10-28,1,35,20,True,2024-09,7
IN,CUST0011,2024-06-06,29085341,2025-05-02,2025-06-01,8459.14,0,2025-06-05,1,34,4,True,2025-05,7
FR,CUST0102,2023-07-23,C8D2307C,2025-05-09,2025-06-23,1585.48,0,2025-07-03,1,55,10,True,2025-05,8
UK,CUST0010,2024-06-16,5234E1A8,2025-01-17,2025-03-03,4812.58,0,2025-03-04,1,46,1,True,2025-01,7
UK,CUST0092,2024-02-07,F144901A,2024-12-29,2025-01-13,4648.52,0,2025-01-28,1,30,15,True,2024-12,3
UK,CUST0070,2023-06-26,A1296220,2025-05-11,2025-05-26,9557.81,0,2025-06-15,1,35,20,True,2025-05,5
UK,CUST0112,2023-06-23,E187FCDC,2024-10-26,2024-11-25,6912.53,0,2024-12-13,0,48,18,True,2024-10,8
DE,CUST0099,2023-08-19,C5FAE425,2025-06-08,2025-07-08,8424.63,0,2025-07-08,1,30,0,False,2025-06,9
DE,CUST0178,2024-04-08,8B63F96B,2025-04-26,2025-05-26,4668.63,0,2025-06-01,1,36,6,True,2025-04,10
AU,CUST0133,2023-12-08,1B6EF3A3,2025-02-21,2025-03-23,8961.67,0,2025-04-12,1,50,20,True,2025-02,3
US,CUST0187,2024-02-09,458F7CA3,2025-04-11,2025-05-11,759.86,0,2025-05-08,0,27,-3,False,2025-04,4
DE,CUST0155,2023-08-05,DC04DC2E,2024-12-21,2025-01-05,7400.59,0,2025-01-17,1,27,12,True,2024-12,8
UK,CUST0083,2023-10-03,7FAF878D,2025-01-26,2025-02-10,512.56,0,2025-02-07,1,12,-3,False,2025-01,5
UK,CUST0170,2023-10-06,15C5EF65,2025-05-14,2025-06-13,813.63,0,2025-06-17,0,34,4,True,2025-05,8
DE,CUST0155,2023-09-26,B796BB43,2025-03-04,2025-04-18,9569.36,0,2025-04-26,1,53,8,True,2025-03,8
IN,CUST0177,2024-03-27,9EB7FA08,2025-03-26,2025-04-25,3035.7,0,2025-05-01,1,36,6,True,2025-03,5
DE,CUST0011,2023-09-10,B99A499D,2025-01-31,2025-03-17,6647.57,0,2025-03-23,0,51,6,True,2025-01,7
FR,CUST0112,2023-10-20,2FF9D788,2025-04-27,2025-05-27,1074.12,0,2025-06-11,1,45,15,True,2025-04,8
AU,CUST0015,2023-10-09,33DB76AA,2025-06-17,2025-07-02,2723.96,0,2025-07-18,0,31,16,True,2025-06,3
CA,CUST0104,2023-12-05,075DEDA2,2024-08-27,2024-09-26,9681.81,0,2024-10-07,1,41,11,True,2024-08,7
AU,CUST0192,2024-01-26,1B79E38C,2024-09-03,2024-10-18,6284.17,0,2024-10-18,0,45,0,False,2024-09,6
US,CUST0037,2024-02-19,8477C2B5,2024-10-21,2024-12-05,1301.73,0,2024-12-21,1,61,16,True,2024-10,5
AU,CUST0113,2024-06-11,A07500D9,2024-10-29,2024-11-13,6474.65,0,2024-11-12,0,14,-1,False,2024-10,6
US,CUST0061,2023-07-27,6AEC25BD,2025-01-11,2025-02-25,9688.04,0,2025-03-03,0,51,6,True,2025-01,4
UK,CUST0099,2023-07-12,C4980CB2,2024-12-24,2025-02-07,9801.71,0,2025-02-03,1,41,-4,False,2024-12,9
FR,CUST0040,2023-10-23,86F2A126,2024-10-06,2024-11-20,7505.92,0,2024-11-29,1,54,9,True,2024-10,4
UK,CUST0096,2024-02-24,18EA7238,2024-11-16,2024-12-16,1368.15,0,2025-01-04,1,49,19,True,2024-11,3
US,CUST0147,2023-08-21,F0A071F3,2025-03-09,2025-03-24,2323.69,0,2025-04-04,1,26,11,True,2025-03,6
UK,CUST0102,2023-08-22,E311C349,2025-05-30,2025-06-29,4450.11,0,2025-07-14,1,45,15,True,2025-05,8
UK,CUST0064,2024-02-14,1D1BED01,2025-05-16,2025-05-31,2482.86,0,2025-05-26,0,10,-5,False,2025-05,7
CA,CUST0048,2024-01-04,EF5B5A36,2025-02-26,2025-03-28,8880.56,0,2025-04-08,0,41,11,True,2025-02,4
DE,CUST0144,2024-01-08,48F9736B,2025-05-19,2025-06-03,8177.87,1,2025-06-29,1,41,26,True,2025-05,6
AU,CUST0067,2024-05-04,9BD16B99,2025-04-14,2025-05-29,9197.37,0,2025-06-07,1,54,9,True,2025-04,4
IN,CUST0157,2024-04-06,679A3283,2024-12-07,2025-01-06,4659.34,0,2025-01-23,1,47,17,True,2024-12,5
DE,CUST0052,2023-08-01,6DE43A63,2025-06-08,2025-06-23,7786.83,0,2025-06-22,0,14,-1,False,2025-06,7
AU,CUST0019,2024-06-08,BD791483,2024-11-19,2024-12-19,5495.77,1,2025-01-09,1,51,21,True,2024-11,6
CA,CUST0114,2023-07-11,F98B250F,2024-11-25,2024-12-10,527.42,0,2024-12-30,0,35,20,True,2024-11,7
CA,CUST0082,2023-10-29,653CA67C,2024-12-14,2025-01-28,7287.2,0,2025-02-03,0,51,6,True,2024-12,7
CA,CUST0017,2024-02-21,379BB89F,2024-12-16,2025-01-30,5107.94,0,2025-02-11,1,57,12,True,2024-12,7
UK,CUST0077,2023-10-24,463371B7,2025-01-11,2025-01-26,5468.15,0,2025-02-12,1,32,17,True,2025-01,4
CA,CUST0180,2024-02-12,F09D05E3,2025-03-09,2025-04-23,3045.73,0,2025-04-23,1,45,0,False,2025-03,7
AU,CUST0093,2023-08-27,E3333EA1,2024-12-01,2025-01-15,8745.9,0,2025-01-17,1,47,2,True,2024-12,10
US,CUST0052,2023-10-14,480E177D,2024-08-25,2024-09-09,1684.71,0,2024-09-11,0,17,2,True,2024-08,7
AU,CUST0127,2024-03-07,9D9ECDE4,2025-05-19,2025-06-03,2542.12,0,2025-06-09,1,21,6,True,2025-05,5
FR,CUST0147,2023-11-09,D39C0D60,2024-11-14,2024-12-14,1081.86,0,2024-12-23,1,39,9,True,2024-11,6
AU,CUST0142,2023-10-18,6976FFA2,2025-06-02,2025-06-17,2119.95,0,2025-07-01,1,29,14,True,2025-06,9
US,CUST0017,2024-04-23,FCC24FE4,2025-01-22,2025-02-21,6198.26,0,2025-02-28,1,37,7,True,2025-01,7
CA,CUST0185,2024-05-07,6BB216CE,2024-08-25,2024-09-24,7859.54,0,2024-10-05,0,41,11,True,2024-08,7
DE,CUST0197,2023-06-27,4114F658,2025-06-03,2025-07-03,7633.81,0,2025-07-16,1,43,13,True,2025-06,4
US,CUST0033,2023-06-19,2857B594,2024-08-31,2024-09-30,2104.56,1,2024-11-20,1,81,51,True,2024-08,6
US,CUST0116,2024-03-09,7D67676A,2025-02-21,2025-03-23,3336.62,0,2025-04-08,1,46,16,True,2025-02,7
FR,CUST0089,2023-09-20,C13C8DEE,2024-09-13,2024-09-28,8778.84,1,2024-11-26,1,74,59,True,2024-09,9
FR,CUST0164,2024-02-10,B650BA14,2025-05-04,2025-06-18,4541.25,0,2025-06-18,1,45,0,False,2025-05,9
AU,CUST0034,2023-09-01,A29AB5EC,2024-10-22,2024-11-21,5971.14,0,2024-12-02,1,41,11,True,2024-10,4
AU,CUST0015,2023-08-26,89EE800B,2024-10-13,2024-10-28,6986.62,0,2024-11-08,1,26,11,True,2024-10,3
IN,CUST0078,2023-11-05,252CF97D,2024-11-05,2024-11-20,3619.38,0,2024-11-20,0,15,0,False,2024-11,4
UK,CUST0182,2023-12-31,98E6CB13,2024-10-31,2024-11-15,5923.2,0,2024-11-21,1,21,6,True,2024-10,3
FR,CUST0073,2023-06-30,91FB95FC,2025-05-07,2025-05-22,742.05,0,2025-05-25,1,18,3,True,2025-05,6
IN,CUST0163,2023-12-11,4F0C3C1F,2025-04-14,2025-05-29,5650.53,0,2025-06-01,1,48,3,True,2025-04,6
IN,CUST0161,2023-11-25,E2760C83,2025-04-06,2025-05-06,8069.39,0,2025-05-20,1,44,14,True,2025-04,9
FR,CUST0024,2023-12-25,450F5C20,2024-10-13,2024-11-27,5032.73,0,2024-12-12,0,60,15,True,2024-10,4
IN,CUST0152,2024-03-22,18001570,2024-08-26,2024-10-10,3408.96,0,2024-10-09,1,44,-1,False,2024-08,3
IN,CUST0169,2023-10-21,323A2AE2,2024-12-28,2025-02-11,7907.29,0,2025-03-01,1,63,18,True,2024-12,6
FR,CUST0087,2024-01-17,C813B7C7,2024-08-29,2024-10-13,1559.78,0,2024-10-09,1,41,-4,False,2024-08,6
AU,CUST0008,2023-07-15,E88DA317,2025-02-17,2025-03-04,977.14,0,2025-02-28,1,11,-4,False,2025-02,5
CA,CUST0198,2024-04-07,F9A4974B,2024-11-22,2025-01-06,7383.06,1,2025-02-01,1,71,26,True,2024-11,6
CA,CUST0054,2024-04-21,1840089D,2025-06-07,2025-07-22,6461.4,0,2025-07-30,1,53,8,True,2025-06,3
FR,CUST0164,2024-05-24,0A7B66DD,2025-04-27,2025-05-12,7877.95,0,2025-05-22,1,25,10,True,2025-04,9
CA,CUST0140,2023-11-10,821A670F,2024-09-26,2024-10-26,8414.04,0,2024-11-10,1,45,15,True,2024-09,7
UK,CUST0124,2024-05-24,3B34C175,2025-02-06,2025-02-21,5918.92,0,2025-03-13,1,35,20,True,2025-02,3
AU,CUST0176,2024-03-10,6B17DC17,2025-03-24,2025-04-23,3411.66,0,2025-04-27,0,34,4,True,2025-03,3
DE,CUST0019,2024-05-02,5E9B07DD,2025-04-22,2025-06-06,8333.8,0,2025-06-02,1,41,-4,False,2025-04,6
IN,CUST0113,2023-11-29,78661CF5,2025-02-04,2025-03-06,3057.38,1,2025-04-15,0,70,40,True,2025-02,6
DE,CUST0053,2024-04-15,87D6CB6C,2024-08-26,2024-09-25,4353.6,1,2024-11-12,1,78,48,True,2024-08,3
IN,CUST0081,2023-09-04,543C6ABA,2025-03-19,2025-05-03,1942.4,0,2025-05-08,1,50,5,True,2025-03,5
CA,CUST0089,2023-10-31,C683ADAE,2024-11-24,2024-12-24,4881.39,0,2024-12-23,0,29,-1,False,2024-11,9
AU,CUST0095,2023-07-10,628E7CF7,2024-08-23,2024-10-07,7306.6,0,2024-10-19,1,57,12,True,2024-08,6
US,CUST0082,2023-07-31,2C0AFFB9,2025-06-15,2025-06-30,7322.13,0,2025-07-09,0,24,9,True,2025-06,7
US,CUST0069,2024-01-27,B9BEF7A8,2024-11-12,2024-12-12,6141.23,0,2024-12-14,1,32,2,True,2024-11,4
IN,CUST0025,2024-04-27,446962A9,2024-10-09,2024-10-24,6603.86,1,2024-11-21,0,43,28,True,2024-10,6
DE,CUST0158,2024-04-16,1C5E728A,2024-10-09,2024-11-08,664.84,0,2024-11-10,0,32,2,True,2024-10,5
AU,CUST0041,2023-08-02,59C746AA,2024-11-16,2024-12-16,2545.09,1,2025-01-31,0,76,46,True,2024-11,3
CA,CUST0081,2024-05-22,6861A8A8,2024-11-29,2024-12-14,2792.3,0,2025-01-02,1,34,19,True,2024-11,5
IN,CUST0128,2023-07-23,B6C73EDE,2024-11-01,2024-12-16,7789.43,0,2024-12-25,1,54,9,True,2024-11,1
DE,CUST0079,2023-09-03,25269999,2025-01-04,2025-02-03,432.77,0,2025-01-29,1,25,-5,False,2025-01,9
US,CUST0101,2023-09-15,7C34B918,2024-09-25,2024-11-09,1478.53,0,2024-11-18,1,54,9,True,2024-09,5
IN,CUST0056,2023-07-10,A818B7A8,2024-12-19,2025-02-02,3538.7,1,2025-03-06,0,77,32,True,2024-12,7
US,CUST0013,2024-04-18,1468F531,2024-10-16,2024-11-15,6671.52,1,2024-12-26,1,71,41,True,2024-10,7
FR,CUST0168,2024-01-07,174341A5,2024-08-23,2024-10-07,9374.54,0,2024-10-17,1,55,10,True,2024-08,9
UK,CUST0138,2024-01-27,E49633E5,2025-06-09,2025-06-24,2675.56,0,2025-06-22,1,13,-2,False,2025-06,12
DE,CUST0035,2024-04-29,B90681B9,2025-05-11,2025-06-10,2639.65,0,2025-06-28,0,48,18,True,2025-05,5
UK,CUST0196,2023-12-01,EDFA27B4,2025-02-17,2025-03-19,5696.77,0,2025-03-25,1,36,6,True,2025-02,10
US,CUST0103,2023-11-15,F463F3C7,2024-09-02,2024-09-17,6124.42,0,2024-09-30,0,28,13,True,2024-09,5
FR,CUST0050,2023-06-30,C16FBB1C,2024-09-30,2024-10-30,1597.34,0,2024-11-11,0,42,12,True,2024-09,7
UK,CUST0019,2023-11-06,7525F2FF,2024-11-05,2024-12-05,8521.1,0,2024-12-16,1,41,11,True,2024-11,6
DE,CUST0196,2023-08-01,CBB40CF3,2024-11-27,2025-01-11,1236.21,1,2025-02-07,1,72,27,True,2024-11,10
AU,CUST0160,2024-03-30,4CDD4CBB,2025-02-01,2025-03-18,769.92,0,2025-04-01,1,59,14,True,2025-02,3
US,CUST0033,2023-09-03,4E128D77,2025-05-05,2025-05-20,909.08,0,2025-05-27,1,22,7,True,2025-05,6
UK,CUST0087,2023-09-30,707A5EFC,2025-02-06,2025-03-23,1741.17,1,2025-04-25,1,78,33,True,2025-02,6
AU,CUST0037,2023-10-11,50B2507B,2025-03-31,2025-04-15,6723.32,0,2025-04-29,1,29,14,True,2025-03,5
FR,CUST0103,2024-05-02,3E94A2B8,2025-03-22,2025-05-06,6544.64,0,2025-05-02,0,41,-4,False,2025-03,5
US,CUST0010,2023-11-23,C9A6CADD,2025-02-15,2025-03-02,5173.78,0,2025-03-19,1,32,17,True,2025-02,7
UK,CUST0122,2024-05-21,DC8F13B8,2024-12-25,2025-02-08,614.37,0,2025-02-17,0,54,9,True,2024-12,5
IN,CUST0156,2023-10-23,1CC09361,2024-12-22,2025-02-05,2660.35,0,2025-02-04,1,44,-1,False,2024-12,6
UK,CUST0157,2024-04-01,D1E724B9,2025-02-04,2025-03-06,7591.84,0,2025-03-06,0,30,0,False,2025-02,5
DE,CUST0158,2024-04-18,153F974C,2024-10-08,2024-11-22,8790.52,1,2024-12-21,1,74,29,True,2024-10,5
FR,CUST0087,2024-03-13,014A45E2,2024-12-22,2025-02-05,2464.08,0,2025-02-16,1,56,11,True,2024-12,6
FR,CUST0126,2024-02-16,A4263052,2025-03-29,2025-05-13,7742.92,0,2025-05-26,0,58,13,True,2025-03,8
UK,CUST0122,2023-11-27,ABEECB46,2024-11-04,2024-11-19,4692.92,1,2024-12-22,1,48,33,True,2024-11,5
UK,CUST0173,2023-07-06,153A0D9A,2025-03-20,2025-04-04,5028.34,0,2025-04-12,1,23,8,True,2025-03,6
FR,CUST0079,2023-07-11,6274A8F8,2025-02-27,2025-04-13,8238.82,0,2025-04-30,1,62,17,True,2025-02,9
CA,CUST0007,2024-03-31,29EBFC7C,2025-03-04,2025-04-18,9648.32,0,2025-04-28,1,55,10,True,2025-03,3
UK,CUST0168,2023-09-13,520E5543,2025-06-15,2025-07-30,2942.67,0,2025-08-12,1,58,13,True,2025-06,9
IN,CUST0185,2023-07-08,C38B1BD2,2024-08-29,2024-09-13,6382.37,0,2024-09-26,1,28,13,True,2024-08,7
DE,CUST0044,2024-01-09,EDA17350,2025-02-27,2025-04-13,9159.39,0,2025-04-28,0,60,15,True,2025-02,2
CA,CUST0159,2023-12-24,6E9E74F6,2025-02-21,2025-03-23,6989.4,0,2025-03-22,1,29,-1,False,2025-02,4
AU,CUST0175,2023-12-06,514F8E60,2024-12-03,2024-12-18,8586.07,1,2024-12-30,0,27,12,True,2024-12,4
FR,CUST0180,2024-01-22,5C71F09E,2025-01-26,2025-02-10,9836.86,0,2025-02-11,0,16,1,True,2025-01,7
US,CUST0113,2024-04-21,1CC279D4,2025-01-10,2025-02-09,1923.83,1,2025-03-17,1,66,36,True,2025-01,6
IN,CUST0106,2023-07-20,D1A599F3,2024-10-14,2024-11-28,1605.83,0,2024-11-29,1,46,1,True,2024-10,7
DE,CUST0129,2024-06-05,52773A2E,2025-03-20,2025-05-04,926.29,1,2025-06-13,1,85,40,True,2025-03,3
AU,CUST0189,2024-04-09,51FF1570,2024-10-12,2024-11-26,5101.55,1,2024-12-09,1,58,13,True,2024-10,5
CA,CUST0036,2024-02-27,A86810E6,2025-04-01,2025-05-16,9842.69,0,2025-05-17,1,46,1,True,2025-04,3
FR,CUST0084,2023-07-11,D431D9B2,2024-12-08,2025-01-22,1742.95,1,2025-03-03,1,85,40,True,2024-12,8
FR,CUST0097,2024-01-15,193E609B,2025-01-27,2025-02-26,1706.11,0,2025-02-26,1,30,0,False,2025-01,5
DE,CUST0137,2023-10-04,F70A8BF5,2025-05-14,2025-06-13,5321.26,0,2025-06-25,1,42,12,True,2025-05,5
UK,CUST0174,2024-04-17,680EA9CC,2025-03-06,2025-04-20,886.13,0,2025-05-06,0,61,16,True,2025-03,4
CA,CUST0178,2024-05-26,BE857A1D,2025-04-23,2025-05-23,8595.95,0,2025-06-06,1,44,14,True,2025-04,10
DE,CUST0050,2023-10-01,F89323A4,2025-05-30,2025-06-14,7131.4,0,2025-06-17,1,18,3,True,2025-05,7
FR,CUST0077,2023-08-11,A46847EE,2025-05-25,2025-06-09,8234.21,0,2025-06-13,1,19,4,True,2025-05,4
AU,CUST0074,2023-07-24,FDCD9E39,2024-09-10,2024-10-25,4992.7,0,2024-10-26,1,46,1,True,2024-09,9
CA,CUST0181,2023-08-18,F82930D5,2025-05-14,2025-06-13,1820.24,0,2025-06-18,1,35,5,True,2025-05,5
DE,CUST0090,2023-09-06,31E04285,2025-01-16,2025-03-02,1096.31,0,2025-03-22,0,65,20,True,2025-01,4
CA,CUST0071,2024-05-10,634AB98B,2024-10-25,2024-11-24,3544.62,0,2024-11-22,1,28,-2,False,2024-10,3
FR,CUST0174,2024-03-13,6365C161,2025-04-28,2025-06-12,6546.36,0,2025-06-19,1,52,7,True,2025-04,4
DE,CUST0089,2024-02-03,720632ED,2025-05-08,2025-05-23,8430.33,0,2025-05-27,1,19,4,True,2025-05,9
US,CUST0074,2024-04-15,171808AD,2024-10-10,2024-11-24,6378.01,0,2024-11-21,1,42,-3,False,2024-10,9
UK,CUST0114,2024-04-18,6751C009,2025-03-20,2025-05-04,3318.53,0,2025-05-07,0,48,3,True,2025-03,7
CA,CUST0123,2024-05-23,76F5514A,2024-12-19,2025-01-03,1831.33,1,2025-01-25,0,37,22,True,2024-12,4
AU,CUST0138,2023-07-06,47EE83BE,2025-05-17,2025-06-16,8386.71,0,2025-06-28,1,42,12,True,2025-05,12
CA,CUST0070,2024-05-29,F1271B73,2025-01-01,2025-01-16,6972.09,0,2025-01-14,1,13,-2,False,2025-01,5
FR,CUST0190,2024-06-09,9F63F4FC,2025-01-07,2025-02-21,2205.18,0,2025-02-23,1,47,2,True,2025-01,8
IN,CUST0013,2024-05-22,D48143BB,2025-06-11,2025-07-26,6566.31,1,2025-09-07,1,88,43,True,2025-06,7
IN,CUST0164,2024-05-06,26B41AEB,2025-02-07,2025-02-22,7684.04,0,2025-02-18,1,11,-4,False,2025-02,9
US,CUST0106,2024-06-08,EAA2162E,2025-02-13,2025-03-15,2676.84,1,2025-05-09,1,85,55,True,2025-02,7
DE,CUST0026,2024-03-21,A5686463,2025-03-30,2025-05-14,5648.36,0,2025-06-02,1,64,19,True,2025-03,5
IN,CUST0002,2024-03-11,AAAC1AD6,2025-04-14,2025-05-29,4657.55,1,2025-06-18,1,65,20,True,2025-04,7
DE,CUST0168,2023-07-19,2F37437F,2024-12-11,2025-01-10,3865.97,1,2025-02-19,0,70,40,True,2024-12,9
CA,CUST0052,2024-05-19,2DA921F4,2025-05-23,2025-06-22,4283.23,0,2025-06-27,1,35,5,True,2025-05,7
UK,CUST0166,2023-09-22,F7FAAC70,2025-02-16,2025-03-03,9188.96,0,2025-03-22,1,34,19,True,2025-02,9
US,CUST0167,2023-09-13,C1F65154,2025-03-11,2025-04-25,2992.96,1,2025-05-19,1,69,24,True,2025-03,7
FR,CUST0190,2023-11-09,54B440CB,2024-10-21,2024-12-05,8068.58,0,2024-12-01,1,41,-4,False,2024-10,8
IN,CUST0107,2024-02-11,DD8D2C6C,2024-10-15,2024-10-30,7294.04,0,2024-10-26,1,11,-4,False,2024-10,4
AU,CUST0102,2023-06-21,A45BF189,2024-10-17,2024-11-16,2887.06,1,2024-12-07,0,51,21,True,2024-10,8
CA,CUST0075,2024-04-25,0D6B4EEA,2025-04-03,2025-04-18,7066.49,0,2025-04-13,0,10,-5,False,2025-04,4
UK,CUST0146,2024-05-20,A663C895,2025-06-11,2025-07-26,2494.75,0,2025-07-24,1,43,-2,False,2025-06,4
UK,CUST0073,2024-01-24,23C4A52F,2025-03-05,2025-04-04,3082.53,0,2025-04-19,0,45,15,True,2025-03,6
FR,CUST0135,2023-06-20,13693777,2025-05-11,2025-06-10,3069.2,0,2025-06-09,0,29,-1,False,2025-05,2
AU,CUST0130,2023-07-28,79A5A4AE,2025-02-05,2025-03-07,9038.66,1,2025-04-03,1,57,27,True,2025-02,5
IN,CUST0029,2023-12-29,1B92CF12,2024-08-25,2024-09-24,5972.89,1,2024-10-14,0,50,20,True,2024-08,8
CA,CUST0118,2023-11-13,FE830ED1,2025-05-30,2025-07-14,881.79,0,2025-07-17,1,48,3,True,2025-05,5
CA,CUST0048,2023-06-21,9F398F92,2024-10-15,2024-10-30,443.24,0,2024-11-17,1,33,18,True,2024-10,4
UK,CUST0076,2023-09-13,641BD5F9,2025-01-04,2025-02-18,8571.39,0,2025-03-06,0,61,16,True,2025-01,7
AU,CUST0050,2023-11-18,52F5C27E,2024-12-14,2024-12-29,8330.6,0,2025-01-12,0,29,14,True,2024-12,7
AU,CUST0164,2023-10-02,01019961,2024-10-23,2024-11-22,1029.19,1,2024-12-29,1,67,37,True,2024-10,9
FR,CUST0084,2023-09-28,677C84F3,2024-12-10,2024-12-25,8309.94,1,2025-01-29,1,50,35,True,2024-12,8
CA,CUST0025,2024-01-25,EC710A22,2025-05-20,2025-06-04,5222.72,0,2025-06-03,1,14,-1,False,2025-05,6
DE,CUST0083,2024-05-30,3FE93A6F,2024-09-28,2024-10-13,4402.5,0,2024-10-08,1,10,-5,False,2024-09,5
UK,CUST0099,2023-12-29,F4EC13A4,2024-11-29,2024-12-14,8935.98,0,2024-12-23,1,24,9,True,2024-11,9
AU,CUST0069,2024-03-03,9844BDFE,2025-03-23,2025-04-22,6349.94,0,2025-04-26,1,34,4,True,2025-03,4
FR,CUST0186,2023-10-24,D5EC508D,2025-03-09,2025-04-23,2450.59,0,2025-04-18,0,40,-5,False,2025-03,5
UK,CUST0168,2023-07-13,50425CB2,2024-10-01,2024-10-31,3906.66,0,2024-11-17,1,47,17,True,2024-10,9
IN,CUST0016,2023-08-29,2F93FA38,2025-01-18,2025-03-04,9510.26,0,2025-03-02,1,43,-2,False,2025-01,4
DE,CUST0079,2023-09-08,78A0E459,2025-06-10,2025-06-25,5112.03,0,2025-07-02,0,22,7,True,2025-06,9
CA,CUST0129,2024-02-29,A3962211,2024-12-19,2025-02-02,2618.48,0,2025-02-21,1,64,19,True,2024-12,3
UK,CUST0177,2024-06-14,C095AC6F,2025-03-19,2025-04-03,551.92,0,2025-04-18,0,30,15,True,2025-03,5
UK,CUST0095,2024-04-28,AA65C892,2025-06-01,2025-07-16,9718.17,0,2025-07-18,1,47,2,True,2025-06,6
IN,CUST0035,2024-04-29,FDD1878B,2024-10-04,2024-11-03,2041.37,0,2024-11-02,0,29,-1,False,2024-10,5
DE,CUST0192,2023-07-01,48A8D3CD,2025-01-12,2025-02-26,2149.23,0,2025-03-04,0,51,6,True,2025-01,6
DE,CUST0180,2023-11-05,D1E714A1,2024-10-17,2024-12-01,175.87,0,2024-12-11,0,55,10,True,2024-10,7
AU,CUST0138,2024-01-26,86F32718,2025-01-19,2025-03-05,1169.45,0,2025-03-06,1,46,1,True,2025-01,12
AU,CUST0064,2024-06-12,13195DE2,2025-04-22,2025-06-06,5763.28,0,2025-06-25,0,64,19,True,2025-04,7
FR,CUST0021,2023-12-23,349E9FFD,2025-03-12,2025-04-26,9324.36,0,2025-05-05,0,54,9,True,2025-03,5
FR,CUST0181,2023-12-18,DBA29837,2024-08-24,2024-09-23,6208.96,0,2024-09-20,1,27,-3,False,2024-08,5
FR,CUST0029,2024-01-29,260A3F68,2025-04-26,2025-05-11,5123.38,1,2025-06-25,1,60,45,True,2025-04,8
FR,CUST0052,2024-01-20,2344134F,2025-02-16,2025-04-02,7052.36,1,2025-05-16,0,89,44,True,2025-02,7
IN,CUST0043,2024-03-08,0795DE0E,2024-11-03,2024-12-03,2819.84,0,2024-12-14,1,41,11,True,2024-11,6
DE,CUST0030,2024-05-31,8C7553BF,2025-01-24,2025-03-10,4169.11,1,2025-04-02,1,68,23,True,2025-01,5
CA,CUST0150,2023-08-28,3D17DD91,2025-04-26,2025-05-26,6118.26,0,2025-05-23,1,27,-3,False,2025-04,5
FR,CUST0115,2023-09-10,E627B5DD,2024-08-24,2024-09-08,9555.1,0,2024-09-17,0,24,9,True,2024-08,1
IN,CUST0132,2023-12-15,F6C3F409,2025-04-27,2025-05-27,6400.37,0,2025-06-05,0,39,9,True,2025-04,2
FR,CUST0015,2024-05-18,9DBE99A6,2025-05-28,2025-07-12,689.29,0,2025-07-21,1,54,9,True,2025-05,3
CA,CUST0079,2023-11-03,3695B19B,2024-11-09,2024-12-24,1233.43,0,2024-12-19,1,40,-5,False,2024-11,9
DE,CUST0066,2024-05-27,38B7E592,2025-03-14,2025-03-29,3753.62,0,2025-04-16,1,33,18,True,2025-03,2
IN,CUST0149,2024-02-11,290642EC,2025-05-17,2025-06-01,7536.66,0,2025-05-28,0,11,-4,False,2025-05,3
DE,CUST0089,2023-10-28,79E26CE8,2025-02-04,2025-03-21,3612.24,1,2025-04-04,1,59,14,True,2025-02,9
FR,CUST0016,2024-02-28,A17A663F,2024-09-15,2024-09-30,6818.83,0,2024-10-10,1,25,10,True,2024-09,4
US,CUST0074,2024-02-12,3D9A9CD7,2024-10-12,2024-11-11,200.3,0,2024-11-11,1,30,0,False,2024-10,9
AU,CUST0035,2023-12-31,073C3027,2025-03-19,2025-05-03,6164.48,1,2025-06-28,1,101,56,True,2025-03,5
CA,CUST0108,2024-02-27,46D68B3A,2025-01-13,2025-02-12,1293.53,1,2025-03-18,0,64,34,True,2025-01,5
DE,CUST0097,2024-06-04,4BE7DC07,2025-02-26,2025-03-28,5386.28,0,2025-03-25,0,27,-3,False,2025-02,5
CA,CUST0170,2023-11-27,37BEDB93,2025-02-03,2025-03-20,4278.14,0,2025-03-19,1,44,-1,False,2025-02,8
CA,CUST0090,2024-03-14,43334664,2024-12-27,2025-01-11,5814.28,0,2025-01-11,0,15,0,False,2024-12,4
FR,CUST0101,2023-10-22,4E80904D,2025-03-20,2025-05-04,5630.56,0,2025-05-03,1,44,-1,False,2025-03,5
CA,CUST0058,2024-02-01,B608F8CA,2025-06-04,2025-06-19,6557.69,0,2025-07-08,1,34,19,True,2025-06,8
US,CUST0077,2023-07-22,6A37C8FC,2025-01-08,2025-02-07,4356.32,0,2025-02-23,0,46,16,True,2025-01,4
CA,CUST0140,2023-09-13,382B4D3B,2025-03-28,2025-04-27,3132.5,0,2025-05-09,1,42,12,True,2025-03,7
DE,CUST0059,2023-06-21,95572827,2024-11-17,2024-12-02,8003.97,0,2024-12-11,1,24,9,True,2024-11,3
UK,CUST0040,2024-02-08,DB0FE5E8,2025-06-10,2025-07-10,9174.69,0,2025-07-11,1,31,1,True,2025-06,4
CA,CUST0196,2024-02-03,692A6565,2025-03-24,2025-04-08,5863.77,0,2025-04-04,1,11,-4,False,2025-03,10
AU,CUST0170,2023-10-14,03458E79,2024-09-12,2024-10-12,7085.3,0,2024-10-26,1,44,14,True,2024-09,8
AU,CUST0005,2023-10-12,DA9DD0C2,2024-10-10,2024-10-25,1751.92,0,2024-10-26,0,16,1,True,2024-10,7
US,CUST0026,2023-12-19,3A3B9755,2025-05-28,2025-07-12,8911.96,0,2025-07-08,0,41,-4,False,2025-05,5
DE,CUST0154,2023-06-24,F8BC40C3,2025-01-29,2025-03-15,351.93,0,2025-04-01,1,62,17,True,2025-01,2
AU,CUST0013,2023-10-31,581FC149,2024-12-09,2024-12-24,3471.98,0,2025-01-11,1,33,18,True,2024-12,7
US,CUST0103,2023-11-18,BC8AB006,2024-09-24,2024-10-24,3181.05,0,2024-10-26,1,32,2,True,2024-09,5
FR,CUST0056,2024-04-23,C793EBD6,2025-06-15,2025-06-30,3709.48,0,2025-06-29,1,14,-1,False,2025-06,7
FR,CUST0075,2023-10-15,ECEE3609,2024-11-13,2024-11-28,4594.62,0,2024-12-16,0,33,18,True,2024-11,4
FR,CUST0082,2024-01-11,5D17DE91,2024-10-17,2024-12-01,4907.34,0,2024-12-15,1,59,14,True,2024-10,7
AU,CUST0173,2023-10-18,1B94E1EF,2025-06-05,2025-07-05,9643.77,0,2025-07-07,0,32,2,True,2025-06,6
UK,CUST0037,2023-07-11,F2DB0D6B,2024-10-25,2024-12-09,406.46,0,2024-12-20,0,56,11,True,2024-10,5
IN,CUST0106,2024-01-20,630344DB,2025-02-13,2025-03-15,331.19,0,2025-03-18,1,33,3,True,2025-02,7
US,CUST0143,2024-03-09,6646453E,2024-12-17,2025-01-31,2963.52,1,2025-03-29,0,102,57,True,2024-12,3
IN,CUST0161,2024-05-23,2CCEA6ED,2024-09-30,2024-11-14,9563.6,0,2024-11-22,1,53,8,True,2024-09,9
FR,CUST0127,2024-01-23,3330ACF1,2025-05-22,2025-06-06,6069.13,0,2025-06-12,1,21,6,True,2025-05,5
CA,CUST0172,2023-11-13,7C62AFB5,2024-12-27,2025-01-26,2955.21,1,2025-03-27,1,90,60,True,2024-12,4
FR,CUST0082,2024-01-27,46E5C0E7,2025-02-09,2025-03-26,3916.57,0,2025-04-03,1,53,8,True,2025-02,7
DE,CUST0039,2023-10-09,E6C5086E,2024-12-09,2025-01-08,1626.04,0,2025-01-15,1,37,7,True,2024-12,4
IN,CUST0194,2024-02-21,8767EABC,2024-08-25,2024-10-09,7642.83,0,2024-10-19,1,55,10,True,2024-08,4
IN,CUST0058,2023-07-05,456337AA,2025-02-28,2025-03-30,3093.1,0,2025-04-16,0,47,17,True,2025-02,8
IN,CUST0119,2023-12-10,30EC5587,2024-11-23,2024-12-08,670.71,0,2024-12-20,0,27,12,True,2024-11,6
DE,CUST0107,2023-11-01,B0AD316E,2024-09-25,2024-11-09,9667.53,0,2024-11-20,1,56,11,True,2024-09,4
IN,CUST0100,2024-05-15,DC6E13AF,2025-01-18,2025-02-02,5846.63,0,2025-02-05,1,18,3,True,2025-01,7
IN,CUST0085,2024-03-05,192B6035,2024-12-26,2025-02-09,6299.72,0,2025-02-06,1,42,-3,False,2024-12,7
DE,CUST0095,2024-03-25,05ABB5A2,2024-10-20,2024-11-04,9939.1,1,2024-12-18,1,59,44,True,2024-10,6
CA,CUST0049,2023-10-23,1ED56599,2025-04-19,2025-05-04,5736.84,0,2025-05-07,0,18,3,True,2025-04,4
DE,CUST0173,2023-06-20,F13B87EF,2024-10-25,2024-12-09,4011.86,0,2024-12-23,1,59,14,True,2024-10,6
US,CUST0019,2023-08-25,EAA5C268,2025-04-17,2025-05-02,5475.94,0,2025-05-22,1,35,20,True,2025-04,6
AU,CUST0151,2023-09-22,21FA6CE6,2025-05-16,2025-06-30,9103.6,0,2025-07-16,1,61,16,True,2025-05,7
FR,CUST0056,2023-08-12,3BD59F5B,2025-04-20,2025-05-20,8712.69,0,2025-05-21,1,31,1,True,2025-04,7
AU,CUST0086,2024-01-02,AA1F85ED,2024-11-16,2024-12-16,1335.73,0,2024-12-11,0,25,-5,False,2024-11,2
IN,CUST0049,2023-12-25,5E4AB355,2025-06-15,2025-07-30,8783.2,1,2025-08-16,0,62,17,True,2025-06,4
CA,CUST0194,2023-11-18,FA46151A,2025-04-25,2025-05-25,4680.49,1,2025-06-19,1,55,25,True,2025-04,4
CA,CUST0155,2023-08-15,F87435A5,2024-12-06,2025-01-20,8649.12,0,2025-01-21,1,46,1,True,2024-12,8
DE,CUST0062,2024-02-07,95676AAE,2025-04-25,2025-06-09,2929.26,0,2025-06-14,1,50,5,True,2025-04,8
AU,CUST0073,2023-06-20,BEA4FA20,2024-10-21,2024-11-20,3926.75,0,2024-11-29,1,39,9,True,2024-10,6
FR,CUST0167,2024-02-23,10C3377A,2024-09-23,2024-10-23,5815.06,1,2024-11-21,1,59,29,True,2024-09,7
UK,CUST0093,2023-10-11,AEAE88ED,2025-04-23,2025-06-07,4135.08,0,2025-06-17,1,55,10,True,2025-04,10
DE,CUST0026,2024-06-05,6746FE36,2025-02-26,2025-04-12,5777.94,1,2025-05-22,0,85,40,True,2025-02,5
AU,CUST0082,2024-03-18,BAD9E6CD,2024-11-12,2024-11-27,1181.72,1,2024-12-30,1,48,33,True,2024-11,7
UK,CUST0106,2024-04-28,F29CA61E,2025-05-17,2025-06-01,8484.99,1,2025-07-17,0,61,46,True,2025-05,7
AU,CUST0057,2024-01-20,5B12169B,2024-11-25,2025-01-09,8846.3,0,2025-01-08,1,44,-1,False,2024-11,5
US,CUST0067,2024-01-21,12D7B842,2024-10-28,2024-12-12,6303.27,1,2025-01-28,0,92,47,True,2024-10,4
FR,CUST0185,2024-03-23,BB78D698,2025-02-17,2025-03-19,4820.75,0,2025-03-23,1,34,4,True,2025-02,7
IN,CUST0051,2024-02-06,C425C664,2025-01-31,2025-03-02,6956.07,0,2025-03-04,0,32,2,True,2025-01,6
DE,CUST0146,2024-02-27,26B1559F,2025-05-29,2025-06-13,3651.28,0,2025-06-23,0,25,10,True,2025-05,4
FR,CUST0168,2023-10-01,2F347E81,2024-10-15,2024-11-29,2185.98,1,2024-12-30,0,76,31,True,2024-10,9
UK,CUST0196,2024-01-14,1CD9EE2B,2025-04-07,2025-05-07,9978.43,0,2025-05-25,1,48,18,True,2025-04,10
CA,CUST0190,2023-08-12,A465A08F,2024-11-20,2024-12-20,3016.73,0,2024-12-29,1,39,9,True,2024-11,8
IN,CUST0188,2024-06-14,3652304F,2025-01-16,2025-02-15,8358.03,0,2025-02-15,0,30,0,False,2025-01,3
IN,CUST0185,2023-09-11,B74E9B6D,2025-04-11,2025-05-26,7558.94,0,2025-06-05,1,55,10,True,2025-04,7
IN,CUST0139,2024-02-14,0BD6C689,2025-01-24,2025-03-10,7684.55,0,2025-03-06,1,41,-4,False,2025-01,4
FR,CUST0009,2024-01-03,DE3501AE,2024-08-28,2024-09-12,977.19,0,2024-09-28,0,31,16,True,2024-08,4
US,CUST0196,2023-08-14,8276A022,2025-05-31,2025-06-15,4134.68,0,2025-06-23,0,23,8,True,2025-05,10
IN,CUST0162,2024-04-20,70B639B1,2024-09-01,2024-09-16,3553.32,0,2024-09-13,1,12,-3,False,2024-09,3
CA,CUST0039,2023-07-23,D92BC243,2025-05-30,2025-06-14,9482.11,0,2025-06-15,1,16,1,True,2025-05,4
FR,CUST0117,2024-04-20,E48F7AA5,2024-10-28,2024-11-27,5273.51,0,2024-11-23,0,26,-4,False,2024-10,6
FR,CUST0164,2023-10-26,31A96BE1,2025-05-15,2025-06-29,5056.18,0,2025-07-13,1,59,14,True,2025-05,9
DE,CUST0169,2023-11-17,7173E2D3,2024-10-08,2024-11-07,597.24,0,2024-11-02,1,25,-5,False,2024-10,6
US,CUST0137,2023-07-28,ECCD394D,2024-08-27,2024-10-11,3023.38,0,2024-10-19,0,53,8,True,2024-08,5
US,CUST0005,2023-07-11,8DD43EB3,2024-09-27,2024-11-11,8054.48,1,2025-01-06,1,101,56,True,2024-09,7
UK,CUST0138,2023-09-19,EEC96050,2025-05-22,2025-06-21,9070.5,0,2025-06-16,1,25,-5,False,2025-05,12
FR,CUST0179,2023-07-23,663C9735,2024-11-19,2025-01-03,2337.69,0,2025-01-11,1,53,8,True,2024-11,3
AU,CUST0046,2023-11-16,F38F99D9,2025-04-29,2025-05-14,6074.58,0,2025-05-12,1,13,-2,False,2025-04,4
FR,CUST0039,2023-10-25,272EF9D7,2025-01-21,2025-02-05,1316.91,1,2025-02-27,1,37,22,True,2025-01,4
FR,CUST0135,2023-11-29,123DA852,2025-01-01,2025-01-31,4548.56,0,2025-02-06,1,36,6,True,2025-01,2
UK,CUST0102,2024-02-17,53CE08AF,2024-09-20,2024-10-05,810.58,0,2024-10-11,0,21,6,True,2024-09,8
DE,CUST0118,2023-06-21,CB8AB2DA,2025-02-11,2025-03-28,7168.13,0,2025-03-30,1,47,2,True,2025-02,5
CA,CUST0058,2023-09-29,9581869E,2024-12-09,2025-01-08,5569.76,0,2025-01-24,0,46,16,True,2024-12,8
AU,CUST0021,2023-09-12,61C1BCB3,2024-08-26,2024-10-10,7775.93,0,2024-10-25,1,60,15,True,2024-08,5
AU,CUST0009,2023-10-04,81A5156D,2025-03-11,2025-03-26,2914.31,0,2025-04-02,1,22,7,True,2025-03,4
DE,CUST0097,2024-04-10,FE60DDA5,2025-06-04,2025-07-19,637.89,0,2025-07-29,1,55,10,True,2025-06,5
US,CUST0164,2023-12-27,443AF235,2025-01-13,2025-01-28,101.33,0,2025-02-14,0,32,17,True,2025-01,9
IN,CUST0022,2024-03-16,2E5C680E,2024-11-11,2024-12-11,2834.08,0,2024-12-19,0,38,8,True,2024-11,3
CA,CUST0085,2024-06-10,C5E6F520,2024-08-22,2024-10-06,8409.45,0,2024-10-04,0,43,-2,False,2024-08,7
FR,CUST0011,2024-01-07,A939ECC0,2025-05-26,2025-06-10,7434.95,0,2025-06-11,0,16,1,True,2025-05,7
AU,CUST0178,2024-05-26,FC429337,2025-04-24,2025-06-08,3666.32,0,2025-06-18,1,55,10,True,2025-04,10
UK,CUST0012,2023-09-30,66187A04,2025-02-13,2025-02-28,3202.14,0,2025-03-16,1,31,16,True,2025-02,6
UK,CUST0140,2023-09-26,01E1E115,2025-03-20,2025-05-04,4394.79,1,2025-06-25,1,97,52,True,2025-03,7
US,CUST0046,2024-05-26,87EFEBC4,2025-02-01,2025-03-03,9644.38,0,2025-02-26,1,25,-5,False,2025-02,4
IN,CUST0151,2023-07-24,1CDB404C,2024-10-30,2024-11-14,4988.76,0,2024-12-03,1,34,19,True,2024-10,7
AU,CUST0183,2023-10-09,F724D67C,2024-09-20,2024-10-20,7068.19,0,2024-10-17,0,27,-3,False,2024-09,6
UK,CUST0042,2023-12-20,73CA89F5,2025-05-16,2025-06-30,7159.16,0,2025-07-02,1,47,2,True,2025-05,4
FR,CUST0100,2024-03-12,62C4C056,2025-01-07,2025-02-21,7634.27,1,2025-04-06,1,89,44,True,2025-01,7
UK,CUST0099,2024-03-30,118F12FC,2024-10-18,2024-12-02,3050.72,0,2024-12-01,1,44,-1,False,2024-10,9
AU,CUST0177,2024-04-16,C778839D,2024-11-05,2024-12-20,6477.08,0,2024-12-17,1,42,-3,False,2024-11,5
FR,CUST0191,2023-08-23,E1510857,2025-01-26,2025-02-25,9572.32,0,2025-02-21,1,26,-4,False,2025-01,7
US,CUST0112,2023-10-03,2C08AD28,2024-12-27,2025-01-11,4631.23,0,2025-01-08,1,12,-3,False,2024-12,8
UK,CUST0155,2023-06-22,8B981086,2024-08-29,2024-10-13,3761.15,0,2024-10-27,1,59,14,True,2024-08,8
DE,CUST0199,2024-04-12,41ADFC32,2024-12-12,2025-01-11,4223.39,0,2025-01-06,1,25,-5,False,2024-12,6
CA,CUST0070,2024-05-28,3020B758,2024-10-14,2024-11-13,2198.74,0,2024-11-23,1,40,10,True,2024-10,5
IN,CUST0092,2024-04-10,DD84AE57,2024-12-14,2025-01-28,8813.55,0,2025-02-04,1,52,7,True,2024-12,3
DE,CUST0048,2023-06-18,99863179,2024-09-07,2024-10-22,6116.75,0,2024-11-04,0,58,13,True,2024-09,4
CA,CUST0098,2023-11-10,8CD37938,2024-10-21,2024-11-05,6551.23,0,2024-11-24,1,34,19,True,2024-10,4
FR,CUST0076,2024-02-22,2CA87932,2024-12-27,2025-01-11,6483.84,0,2025-01-28,1,32,17,True,2024-12,7
US,CUST0022,2024-05-22,C7E3E258,2025-04-19,2025-05-19,2072.23,1,2025-06-07,0,49,19,True,2025-04,3
DE,CUST0183,2024-03-05,C5ECCBB6,2025-04-04,2025-05-19,3741.08,0,2025-05-18,0,44,-1,False,2025-04,6
CA,CUST0100,2023-11-18,5B1F4A7E,2025-01-24,2025-02-23,5207.03,0,2025-03-01,1,36,6,True,2025-01,7
US,CUST0024,2023-07-27,A42B13B9,2024-09-07,2024-09-22,245.46,0,2024-09-26,1,19,4,True,2024-09,4
DE,CUST0093,2024-01-15,6623CE60,2024-12-09,2025-01-08,291.34,0,2025-01-06,1,28,-2,False,2024-12,10
IN,CUST0023,2024-04-02,9B8500FD,2024-10-29,2024-11-13,4979.36,0,2024-11-21,1,23,8,True,2024-10,3
DE,CUST0143,2023-10-21,CDDBCDBC,2024-09-24,2024-11-08,5991.8,0,2024-11-19,1,56,11,True,2024-09,3
DE,CUST0027,2024-06-02,B34A8195,2024-08-30,2024-09-14,9638.64,0,2024-09-11,1,12,-3,False,2024-08,7
UK,CUST0142,2023-08-16,1B97D607,2024-10-30,2024-11-14,3187.45,0,2024-11-28,1,29,14,True,2024-10,9
FR,CUST0084,2023-07-18,6968B8DD,2025-03-24,2025-04-23,5260.83,1,2025-05-03,0,40,10,True,2025-03,8
UK,CUST0106,2024-04-07,6A0136F6,2025-04-17,2025-05-17,267.78,0,2025-06-05,1,49,19,True,2025-04,7
US,CUST0186,2023-11-23,C4220684,2025-01-09,2025-02-23,1290.05,0,2025-02-25,0,47,2,True,2025-01,5
FR,CUST0134,2024-06-16,36161417,2024-11-30,2024-12-15,3003.76,0,2024-12-31,1,31,16,True,2024-11,5
DE,CUST0044,2023-11-23,891F0473,2024-09-30,2024-10-15,3546.15,0,2024-10-18,0,18,3,True,2024-09,2
UK,CUST0069,2023-09-25,4926CA88,2024-12-01,2024-12-31,3068.03,0,2024-12-30,1,29,-1,False,2024-12,4
US,CUST0043,2023-07-08,D3BB616D,2025-05-03,2025-06-02,8485.9,0,2025-06-05,1,33,3,True,2025-05,6
DE,CUST0077,2024-04-15,475882DD,2025-04-18,2025-05-18,7853.66,0,2025-06-07,1,50,20,True,2025-04,4
US,CUST0093,2023-12-11,DDB23F0F,2025-03-17,2025-04-16,4040.25,0,2025-04-18,0,32,2,True,2025-03,10
CA,CUST0161,2023-07-19,479969D7,2025-04-21,2025-05-21,2359.53,0,2025-06-04,1,44,14,True,2025-04,9
FR,CUST0051,2024-06-08,5BCB8E18,2024-08-26,2024-09-25,7499.7,0,2024-09-23,0,28,-2,False,2024-08,6
IN,CUST0078,2023-09-11,45CAC007,2024-10-05,2024-10-20,9582.12,1,2024-11-24,1,50,35,True,2024-10,4
UK,CUST0159,2023-09-07,06FBF3FC,2024-11-29,2024-12-29,9914.15,0,2025-01-18,1,50,20,True,2024-11,4
AU,CUST0085,2024-04-25,EC0FF9C3,2025-01-29,2025-02-28,848.49,0,2025-03-05,0,35,5,True,2025-01,7
DE,CUST0167,2024-02-11,CC79BAB2,2024-11-15,2024-12-30,2038.75,0,2024-12-29,1,44,-1,False,2024-11,7
UK,CUST0083,2024-04-29,85064065,2025-04-17,2025-06-01,7835.09,0,2025-06-18,0,62,17,True,2025-04,5
IN,CUST0123,2023-09-05,A0521139,2024-11-22,2024-12-22,8130.13,0,2024-12-22,1,30,0,False,2024-11,4
DE,CUST0082,2024-05-14,F574F002,2024-08-28,2024-09-27,6773.89,0,2024-10-15,1,48,18,True,2024-08,7
CA,CUST0163,2024-02-12,F43EF801,2024-10-14,2024-11-13,9183.11,0,2024-11-26,1,43,13,True,2024-10,6
AU,CUST0063,2023-06-19,6FBE4555,2024-09-24,2024-10-24,8912.4,0,2024-10-31,0,37,7,True,2024-09,6
UK,CUST0101,2024-05-28,003FE49A,2025-04-12,2025-05-12,1558.3,0,2025-05-10,1,28,-2,False,2025-04,5
FR,CUST0052,2023-10-03,C63C524F,2025-06-15,2025-07-30,4531.97,0,2025-08-11,1,57,12,True,2025-06,7
IN,CUST0175,2023-11-21,5CAB7456,2025-02-03,2025-03-20,5343.63,0,2025-03-15,1,40,-5,False,2025-02,4
CA,CUST0119,2023-07-07,E2F14EE8,2025-01-07,2025-02-21,6828.24,0,2025-02-22,0,46,1,True,2025-01,6
DE,CUST0075,2023-09-26,74586A66,2025-03-10,2025-04-24,8088.96,0,2025-04-21,1,42,-3,False,2025-03,4
AU,CUST0105,2024-04-18,F6CA99BF,2025-05-11,2025-06-25,4384.88,0,2025-07-05,0,55,10,True,2025-05,5
IN,CUST0163,2023-06-23,79244DA0,2025-05-31,2025-06-30,4510.86,0,2025-07-02,0,32,2,True,2025-05,6
UK,CUST0169,2024-02-11,29B21237,2025-05-06,2025-05-21,8452.13,1,2025-07-15,1,70,55,True,2025-05,6
DE,CUST0097,2024-01-30,A9382930,2024-11-07,2024-11-22,8552.47,0,2024-12-01,1,24,9,True,2024-11,5
FR,CUST0123,2024-02-05,3A7371B1,2025-02-01,2025-03-18,2049.56,1,2025-04-22,1,80,35,True,2025-02,4
FR,CUST0130,2023-08-24,908311BA,2025-05-29,2025-07-13,7146.06,1,2025-08-18,1,81,36,True,2025-05,5
FR,CUST0010,2024-05-03,09055BEA,2025-03-17,2025-04-16,2669.46,0,2025-05-03,1,47,17,True,2025-03,7
AU,CUST0138,2024-03-16,413FC5A2,2025-05-01,2025-06-15,823.51,0,2025-06-30,1,60,15,True,2025-05,12
US,CUST0028,2023-06-18,55C8E85C,2025-03-23,2025-04-07,1982.07,0,2025-04-23,1,31,16,True,2025-03,4
CA,CUST0091,2024-01-24,3C2B33C3,2025-01-18,2025-02-02,9442.65,1,2025-03-25,1,66,51,True,2025-01,4
FR,CUST0012,2023-09-07,F449C34A,2025-03-30,2025-05-14,9775.35,0,2025-05-29,0,60,15,True,2025-03,6
CA,CUST0166,2023-09-11,062203A0,2024-10-21,2024-11-20,4821.31,0,2024-12-09,0,49,19,True,2024-10,9
UK,CUST0111,2023-08-24,EACA8EB4,2025-06-14,2025-06-29,6442.09,0,2025-06-24,0,10,-5,False,2025-06,3
US,CUST0067,2024-01-07,98E01824,2024-12-09,2024-12-24,5694.34,0,2025-01-04,1,26,11,True,2024-12,4
CA,CUST0133,2024-06-06,B685321C,2025-06-17,2025-08-01,219.82,0,2025-08-14,1,58,13,True,2025-06,3
CA,CUST0148,2023-08-07,253D704F,2025-05-21,2025-06-05,9269.32,0,2025-06-14,1,24,9,True,2025-05,3
UK,CUST0101,2024-04-10,0F7054A7,2024-12-22,2025-01-21,2298.55,0,2025-02-09,1,49,19,True,2024-12,5
CA,CUST0151,2023-10-14,E121DAE8,2025-06-16,2025-07-31,7315.73,0,2025-08-11,1,56,11,True,2025-06,7
IN,CUST0089,2024-05-06,5961E722,2024-08-25,2024-09-09,388.78,0,2024-09-19,1,25,10,True,2024-08,9
US,CUST0076,2023-06-26,0E46ADA7,2024-10-31,2024-11-30,1273.18,0,2024-11-27,1,27,-3,False,2024-10,7
US,CUST0187,2024-04-27,3195F355,2025-04-10,2025-04-25,9203.36,1,2025-05-27,0,47,32,True,2025-04,4
UK,CUST0088,2024-01-19,B4847331,2025-03-21,2025-04-20,7633.98,0,2025-05-10,1,50,20,True,2025-03,8
IN,CUST0134,2024-06-14,0F27D263,2025-05-12,2025-06-11,7567.22,1,2025-07-13,1,62,32,True,2025-05,5
DE,CUST0025,2024-02-04,452E561F,2025-02-26,2025-03-28,5813.51,0,2025-04-15,1,48,18,True,2025-02,6
CA,CUST0116,2023-11-17,3A2D505D,2024-09-01,2024-10-01,2584.91,0,2024-09-28,1,27,-3,False,2024-09,7
UK,CUST0012,2023-07-12,CA4254D4,2024-10-14,2024-11-28,6600.65,0,2024-11-26,0,43,-2,False,2024-10,6
US,CUST0088,2023-09-18,7CD8182F,2025-04-02,2025-05-17,9190.57,0,2025-05-15,1,43,-2,False,2025-04,8
CA,CUST0043,2023-12-27,0608E3E8,2025-02-17,2025-04-03,2286.44,0,2025-04-05,0,47,2,True,2025-02,6
FR,CUST0045,2023-10-11,EB42715C,2024-09-23,2024-11-07,1834.7,1,2024-11-27,0,65,20,True,2024-09,5
UK,CUST0144,2024-01-13,EDDC65DC,2025-05-22,2025-06-21,9509.55,0,2025-06-30,1,39,9,True,2025-05,6
IN,CUST0104,2023-07-01,B5E100C4,2025-03-24,2025-05-08,5842.88,0,2025-05-08,1,45,0,False,2025-03,7
IN,CUST0164,2024-01-23,BBC73461,2025-02-23,2025-04-09,2896.71,0,2025-04-17,1,53,8,True,2025-02,9
DE,CUST0008,2024-02-24,45B71B6C,2024-08-25,2024-10-09,9469.92,1,2024-11-27,1,94,49,True,2024-08,5
IN,CUST0116,2024-06-16,8CF41D30,2024-09-03,2024-10-18,7825.62,0,2024-10-26,1,53,8,True,2024-09,7
DE,CUST0002,2024-06-09,0FE8DC52,2024-10-07,2024-11-21,2126.33,0,2024-11-22,0,46,1,True,2024-10,7
IN,CUST0072,2023-11-17,20695F4B,2024-11-02,2024-12-17,3382.49,1,2025-02-15,0,105,60,True,2024-11,2
US,CUST0148,2023-07-17,8AE0C5D5,2024-11-04,2024-11-19,804.47,0,2024-12-09,1,35,20,True,2024-11,3
AU,CUST0138,2023-08-04,F6C88F18,2024-10-14,2024-10-29,5118.51,0,2024-11-04,1,21,6,True,2024-10,12
UK,CUST0051,2023-11-22,266B0FBF,2025-05-12,2025-06-11,8374.68,0,2025-06-09,1,28,-2,False,2025-05,6
UK,CUST0172,2024-05-20,CA43A466,2025-06-09,2025-07-09,7734.12,0,2025-07-20,0,41,11,True,2025-06,4
CA,CUST0081,2024-02-20,31B63DA3,2025-03-13,2025-04-27,8771.24,0,2025-05-04,0,52,7,True,2025-03,5
FR,CUST0101,2024-02-03,C2AAD36A,2025-03-07,2025-04-21,4309.76,0,2025-04-19,0,43,-2,False,2025-03,5
UK,CUST0091,2024-05-26,C73169E8,2025-01-23,2025-02-22,7678.91,0,2025-03-08,1,44,14,True,2025-01,4
IN,CUST0173,2024-02-24,B01988DC,2024-10-20,2024-12-04,5272.85,0,2024-12-24,1,65,20,True,2024-10,6
UK,CUST0158,2023-12-17,BE25F838,2024-10-08,2024-11-22,2338.64,0,2024-11-19,1,42,-3,False,2024-10,5
CA,CUST0035,2023-07-24,5ACA3DB6,2024-10-10,2024-11-09,2381.12,0,2024-11-07,1,28,-2,False,2024-10,5
IN,CUST0079,2023-09-09,8CC9AF30,2025-05-28,2025-06-12,9671.77,0,2025-06-12,1,15,0,False,2025-05,9
UK,CUST0178,2023-09-29,028BAC5E,2025-04-07,2025-04-22,7444.77,0,2025-05-03,1,26,11,True,2025-04,10
DE,CUST0108,2024-03-15,6EFE4ACA,2025-01-01,2025-02-15,3099.02,0,2025-02-14,1,44,-1,False,2025-01,5
FR,CUST0099,2024-01-06,8C6D4684,2024-12-25,2025-01-24,8186.12,0,2025-01-24,1,30,0,False,2024-12,9
DE,CUST0163,2023-06-22,089AF5F4,2024-11-27,2025-01-11,9029.21,0,2025-01-28,1,62,17,True,2024-11,6
CA,CUST0045,2024-02-23,F8F71FE3,2025-01-15,2025-03-01,7567.06,0,2025-03-01,1,45,0,False,2025-01,5
DE,CUST0074,2024-04-26,F1B0CB75,2025-05-08,2025-05-23,6644.04,0,2025-05-23,1,15,0,False,2025-05,9
UK,CUST0116,2023-07-24,51EB1AE9,2025-03-30,2025-05-14,7122.28,0,2025-05-10,1,41,-4,False,2025-03,7
AU,CUST0092,2024-05-04,9258A843,2025-03-31,2025-04-15,5879.35,1,2025-05-26,0,56,41,True,2025-03,3
IN,CUST0050,2023-11-02,81EF5388,2025-04-03,2025-05-03,2726.73,0,2025-05-15,0,42,12,True,2025-04,7
FR,CUST0168,2024-06-04,19777534,2024-10-18,2024-11-17,7172.8,0,2024-11-25,0,38,8,True,2024-10,9
CA,CUST0126,2024-03-16,E0BB6FE2,2024-09-24,2024-10-24,5187.16,0,2024-11-10,1,47,17,True,2024-09,8
AU,CUST0114,2024-04-24,FA10108C,2025-05-27,2025-06-26,9335.96,0,2025-06-26,1,30,0,False,2025-05,7
US,CUST0145,2024-03-18,33F58C4C,2025-03-30,2025-04-14,7171.83,0,2025-05-04,1,35,20,True,2025-03,7
AU,CUST0057,2023-08-19,06D80450,2024-12-16,2025-01-15,6976.49,0,2025-01-11,1,26,-4,False,2024-12,5
UK,CUST0058,2023-07-11,6F226F88,2024-12-04,2025-01-18,2813.31,0,2025-01-22,0,49,4,True,2024-12,8
IN,CUST0200,2023-08-26,014A6F4A,2024-09-29,2024-10-29,3518.89,0,2024-11-11,1,43,13,True,2024-09,6
CA,CUST0198,2023-09-11,F1A8C29F,2024-10-26,2024-11-25,8579.72,0,2024-12-07,1,42,12,True,2024-10,6
FR,CUST0029,2024-03-18,66BF3F71,2025-05-08,2025-06-22,5664.52,1,2025-07-09,1,62,17,True,2025-05,8
UK,CUST0199,2024-03-12,A190709C,2025-02-22,2025-04-08,3867.13,0,2025-04-14,1,51,6,True,2025-02,6
FR,CUST0194,2023-07-15,2E1AD36E,2024-10-06,2024-10-21,7370.99,0,2024-11-09,0,34,19,True,2024-10,4
CA,CUST0113,2023-07-13,F9A2A47A,2025-05-12,2025-06-26,8406.07,0,2025-06-27,1,46,1,True,2025-05,6
DE,CUST0027,2024-02-20,E20B7963,2024-10-18,2024-12-02,9705.55,0,2024-12-17,0,60,15,True,2024-10,7
AU,CUST0064,2024-01-26,55CE4748,2024-10-23,2024-11-22,7078.22,0,2024-11-18,1,26,-4,False,2024-10,7
DE,CUST0068,2023-09-28,FE529EA8,2025-06-08,2025-07-08,9673.65,0,2025-07-05,1,27,-3,False,2025-06,5
DE,CUST0031,2024-05-24,ED947850,2025-04-12,2025-04-27,7212.69,1,2025-05-20,0,38,23,True,2025-04,6
AU,CUST0189,2024-05-19,C1F532DA,2025-02-12,2025-03-29,8020.03,0,2025-04-15,1,62,17,True,2025-02,5
UK,CUST0182,2023-10-29,96A18B9F,2025-03-30,2025-05-14,1403.98,1,2025-07-03,0,95,50,True,2025-03,3
DE,CUST0043,2024-04-10,E148B754,2025-03-18,2025-05-02,3166.9,0,2025-05-01,1,44,-1,False,2025-03,6
